Time_s,Speed_kmh,RPM,Gear,Throttle_pct,Brake_pct,Boost_bar,Req_Fuel_pct,Inj_Fuel_pct,Torque_Nm,Power_HP,Engine_Stress_pct,Drivetrain_Stress_pct,Clutch_Stress_pct,Driver_Aggression_pct,Total_Vehicle_Stress_pct
0.03,0.0,749,0,0,0,0.0,15.0,15.0,-1,0,4,0,0,2,2
0.06,0.0,749,0,0,0,0.0,15.8,15.8,0,0,4,0,0,0,1
0.09,0.0,749,0,0,0,0.0,15.6,15.6,0,0,4,0,0,0,1
0.12,0.0,749,0,0,0,0.0,15.7,15.7,0,0,4,0,0,0,1
0.15,0.0,749,0,0,0,0.0,15.7,15.7,0,0,4,0,0,0,1
0.18,0.0,749,0,0,0,0.0,15.7,15.7,0,0,4,0,0,0,1
0.21,0.0,749,0,0,0,0.0,15.7,15.7,0,0,4,0,0,0,1
0.24,0.0,749,0,0,0,0.0,15.7,15.7,0,0,4,0,0,0,1
0.27,0.0,749,0,0,0,0.0,15.7,15.7,0,0,4,0,0,0,1
0.3,0.0,749,0,0,0,0.0,15.7,15.7,0,0,4,0,0,0,1
0.33,0.0,749,0,0,0,0.0,15.7,15.7,0,0,4,0,0,0,1
0.36,0.0,749,0,0,0,0.0,15.7,15.7,0,0,4,0,0,0,1
0.39,0.0,749,0,0,0,0.0,15.7,15.7,0,0,4,0,0,0,1
0.42,0.0,749,0,0,0,0.0,15.7,15.7,0,0,4,0,0,0,1
0.45,0.0,749,0,0,0,0.0,15.7,15.7,0,0,4,0,0,0,1
0.48,0.0,749,0,0,0,0.0,15.7,15.7,0,0,4,0,0,0,1
0.51,0.0,749,0,0,0,0.0,15.7,15.7,0,0,4,0,0,0,1
0.54,0.0,749,0,0,0,0.0,15.7,15.7,0,0,4,0,0,0,1
0.57,0.0,749,0,0,0,0.0,15.7,15.7,0,0,4,0,0,0,1
0.6,0.0,749,0,0,0,0.0,15.7,15.7,0,0,4,0,0,0,1
0.63,0.0,749,0,0,0,0.0,15.7,15.7,0,0,4,0,0,0,1
0.66,0.0,749,0,0,0,0.0,15.7,15.7,0,0,4,0,0,0,1
0.69,0.0,749,0,0,0,0.0,15.7,15.7,0,0,4,0,0,0,1
0.72,0.0,749,0,0,0,0.0,15.7,15.7,0,0,4,0,0,0,1
0.75,0.0,749,0,0,0,0.0,15.7,15.7,0,0,4,0,0,0,1
0.78,0.0,749,0,0,0,0.0,15.7,15.7,0,0,4,0,0,0,1
0.81,0.0,749,0,0,0,0.0,15.7,15.7,0,0,4,0,0,0,1
0.84,0.0,749,0,0,0,0.0,15.7,15.7,0,0,4,0,0,0,1
0.87,0.0,749,0,0,0,0.0,15.7,15.7,0,0,4,0,0,0,1
0.9,0.0,749,0,0,0,0.0,15.7,15.7,0,0,4,0,0,0,1
0.93,0.0,749,0,0,0,0.0,15.7,15.7,0,0,4,0,0,0,1
0.96,0.0,749,0,0,0,0.0,15.7,15.7,0,0,4,0,0,0,1
0.99,0.0,749,0,0,0,0.0,15.7,15.7,0,0,4,0,0,0,1
1.02,0.0,749,0,0,0,0.0,15.7,15.7,0,0,4,0,0,0,1
1.05,0.0,749,0,0,0,0.0,15.7,15.7,0,0,4,0,0,0,1
1.08,0.0,749,0,0,0,0.0,15.7,15.7,0,0,4,0,0,0,1
1.11,0.0,749,0,0,0,0.0,15.7,15.7,0,0,4,0,0,0,1
1.14,0.0,749,0,0,0,0.0,15.7,15.7,0,0,4,0,0,0,1
1.17,0.0,749,0,0,0,0.0,15.7,15.7,0,0,4,0,0,0,1
1.2,0.0,749,0,0,0,0.0,15.7,15.7,0,0,4,0,0,0,1
1.23,0.0,749,0,0,0,0.0,15.7,15.7,0,0,4,0,0,0,1
1.26,0.0,749,0,0,0,0.0,15.7,15.7,0,0,4,0,0,0,1
1.29,0.0,749,0,0,0,0.0,15.7,15.7,0,0,4,0,0,0,1
1.32,0.0,749,0,0,0,0.0,15.7,15.7,0,0,4,0,0,0,1
1.35,0.0,749,0,0,0,0.0,15.7,15.7,0,0,4,0,0,0,1
1.38,0.0,749,0,0,0,0.0,15.7,15.7,0,0,4,0,0,0,1
1.41,0.0,749,0,0,0,0.0,15.7,15.7,0,0,4,0,0,0,1
1.44,0.0,749,0,0,0,0.0,15.7,15.7,0,0,4,0,0,0,1
1.47,0.0,749,0,0,0,0.0,15.7,15.7,0,0,4,0,0,0,1
1.5,0.0,749,0,0,0,0.0,15.7,15.7,0,0,4,0,0,0,1
1.53,0.0,749,0,0,0,0.0,15.7,15.7,0,0,4,0,0,0,1
1.56,0.0,749,0,0,0,0.0,15.7,15.7,0,0,4,0,0,0,1
1.59,0.0,749,0,0,0,0.0,15.7,15.7,0,0,4,0,0,0,1
1.62,0.0,749,0,0,0,0.0,15.7,15.7,0,0,4,0,0,0,1
1.65,0.0,749,0,0,0,0.0,15.7,15.7,0,0,4,0,0,0,1
1.68,0.0,749,0,0,0,0.0,15.7,15.7,0,0,4,0,0,0,1
1.71,0.0,749,0,0,0,0.0,15.7,15.7,0,0,4,0,0,0,1
1.74,0.0,749,0,0,0,0.0,15.7,15.7,0,0,4,0,0,0,1
1.77,0.0,749,0,0,0,0.0,15.7,15.7,0,0,4,0,0,0,1
1.8,0.0,749,0,0,0,0.0,15.7,15.7,0,0,4,0,0,0,1
1.83,0.0,749,0,0,0,0.0,15.7,15.7,0,0,4,0,0,0,1
1.86,0.0,749,0,0,0,0.0,15.7,15.7,0,0,4,0,0,0,1
1.89,0.0,749,0,0,0,0.0,15.7,15.7,0,0,4,0,0,0,1
1.92,0.0,749,0,0,0,0.0,15.7,15.7,0,0,4,0,0,0,1
1.95,0.0,749,0,0,0,0.0,15.7,15.7,0,0,4,0,0,0,1
1.98,0.0,749,0,0,0,0.0,15.7,15.7,0,0,4,0,0,0,1
2.01,0.0,749,0,0,0,0.0,15.7,15.7,0,0,4,0,0,0,1
2.04,0.0,749,0,0,0,0.0,15.7,15.7,0,0,4,0,0,0,1
2.07,0.0,749,0,0,0,0.0,15.7,15.7,0,0,4,0,0,0,1
2.1,0.0,749,0,0,0,0.0,15.7,15.7,0,0,4,0,0,0,1
2.13,0.0,749,0,0,0,0.0,15.7,15.7,0,0,4,0,0,0,1
2.16,0.0,749,0,0,0,0.0,15.7,15.7,0,0,4,0,0,0,1
2.19,0.0,749,0,0,0,0.0,15.7,15.7,0,0,4,0,0,0,1
2.22,0.0,749,0,0,0,0.0,15.7,15.7,0,0,4,0,0,0,1
2.25,0.0,749,0,0,0,0.0,15.7,15.7,0,0,4,0,0,0,1
2.28,0.0,749,0,0,0,0.0,15.7,15.7,0,0,4,0,0,0,1
2.31,0.0,749,0,0,0,0.0,15.7,15.7,0,0,4,0,0,0,1
2.34,0.0,749,0,0,0,0.0,15.7,15.7,0,0,4,0,0,0,1
2.37,0.0,749,0,0,0,0.0,15.7,15.7,0,0,4,0,0,0,1
2.4,0.0,749,0,0,0,0.0,15.7,15.7,0,0,4,0,0,0,1
2.43,0.0,749,0,0,0,0.0,15.7,15.7,0,0,4,0,0,0,1
2.46,0.0,749,0,0,0,0.0,15.7,15.7,0,0,4,0,0,0,1
2.49,0.0,749,0,0,0,0.0,15.7,15.7,0,0,4,0,0,0,1
2.52,0.0,749,0,0,0,0.0,15.7,15.7,0,0,4,0,0,0,1
2.55,0.0,749,0,0,0,0.0,15.7,15.7,0,0,4,0,0,0,1
2.58,0.0,749,0,0,0,0.0,15.7,15.7,0,0,4,0,0,0,1
2.61,0.0,749,0,0,0,0.0,15.7,15.7,0,0,4,0,0,0,1
2.64,0.0,749,0,0,0,0.0,15.7,15.7,0,0,4,0,0,0,1
2.67,0.0,749,0,0,0,0.0,15.7,15.7,0,0,4,0,0,0,1
2.7,0.0,749,0,0,0,0.0,15.7,15.7,0,0,4,0,0,0,1
2.73,0.0,749,0,0,0,0.0,15.7,15.7,0,0,4,0,0,0,1
2.76,0.0,749,0,0,0,0.0,15.7,15.7,0,0,4,0,0,0,1
2.79,0.0,749,0,0,0,0.0,15.7,15.7,0,0,4,0,0,0,1
2.82,0.0,749,0,0,0,0.0,15.7,15.7,0,0,4,0,0,0,1
2.85,0.0,749,0,0,0,0.0,15.7,15.7,0,0,4,0,0,0,1
2.88,0.0,749,0,0,0,0.0,15.7,15.7,0,0,4,0,0,0,1
2.91,0.0,749,0,0,0,0.0,15.7,15.7,0,0,4,0,0,0,1
2.94,0.0,749,0,0,0,0.0,15.7,15.7,0,0,4,0,0,0,1
2.97,0.0,749,0,0,0,0.0,15.7,15.7,0,0,4,0,0,0,1
3.0,0.0,749,0,0,0,0.0,15.7,15.7,0,0,4,0,0,0,1
3.03,0.0,749,0,0,0,0.0,15.7,15.7,0,0,4,0,0,0,1
3.06,0.0,749,0,0,0,0.0,15.7,15.7,0,0,4,0,0,0,1
3.09,0.0,749,0,0,0,0.0,15.7,15.7,0,0,4,0,0,0,1
3.12,0.0,749,0,0,0,0.0,15.7,15.7,0,0,4,0,0,0,1
3.15,0.0,749,0,0,0,0.0,15.7,15.7,0,0,4,0,0,0,1
3.18,0.0,749,0,0,0,0.0,15.7,15.7,0,0,4,0,0,0,1
3.21,0.0,749,0,0,0,0.0,15.7,15.7,0,0,4,0,0,0,1
3.24,0.0,749,0,0,0,0.0,15.7,15.7,0,0,4,0,0,0,1
3.27,0.0,749,0,0,0,0.0,15.7,15.7,0,0,4,0,0,0,1
3.3,0.0,749,0,0,0,0.0,15.7,15.7,0,0,4,0,0,0,1
3.33,0.0,749,0,0,0,0.0,15.7,15.7,0,0,4,0,0,0,1
3.36,0.0,749,0,0,0,0.0,15.7,15.7,0,0,4,0,0,0,1
3.39,0.0,749,0,0,0,0.0,15.7,15.7,0,0,4,0,0,0,1
3.42,0.0,749,0,0,0,0.0,15.7,15.7,0,0,4,0,0,0,1
3.45,0.0,749,0,0,0,0.0,15.7,15.7,0,0,4,0,0,0,1
3.48,0.0,749,0,0,0,0.0,15.7,15.7,0,0,4,0,0,0,1
3.51,0.0,749,0,0,0,0.0,15.7,15.7,0,0,4,0,0,0,1
3.54,0.0,749,0,0,0,0.0,15.7,15.7,0,0,4,0,0,0,1
3.57,0.0,749,0,0,0,0.0,15.7,15.7,0,0,4,0,0,0,1
3.6,0.0,749,0,0,0,0.0,15.7,15.7,0,0,4,0,0,0,1
3.63,0.0,749,0,0,0,0.0,15.7,15.7,0,0,4,0,0,0,1
3.66,0.0,749,0,0,0,0.0,15.7,15.7,0,0,4,0,0,0,1
3.69,0.0,749,0,0,0,0.0,15.7,15.7,0,0,4,0,0,0,1
3.72,0.0,749,0,0,0,0.0,15.7,15.7,0,0,4,0,0,0,1
3.75,0.0,749,0,0,0,0.0,15.7,15.7,0,0,4,0,0,0,1
3.78,0.0,749,0,0,0,0.0,15.7,15.7,0,0,4,0,0,0,1
3.81,0.0,749,0,0,0,0.0,15.7,15.7,0,0,4,0,0,0,1
3.84,0.0,749,0,0,0,0.0,15.7,15.7,0,0,4,0,0,0,1
3.87,0.0,749,0,0,0,0.0,15.7,15.7,0,0,4,0,0,0,1
3.9,0.0,749,0,0,0,0.0,15.7,15.7,0,0,4,0,0,0,1
3.93,0.0,749,0,0,0,0.0,15.7,15.7,0,0,4,0,0,0,1
3.96,0.0,749,0,0,0,0.0,15.7,15.7,0,0,4,0,0,0,1
3.99,0.0,749,0,0,0,0.0,15.7,15.7,0,0,4,0,0,0,1
4.02,0.0,749,0,0,0,0.0,15.7,15.7,0,0,4,0,0,0,1
4.05,0.0,749,0,0,0,0.0,15.7,15.7,0,0,4,0,0,0,1
4.08,0.0,749,0,0,0,0.0,15.7,15.7,0,0,4,0,0,0,1
4.11,0.0,749,0,0,0,0.0,15.7,15.7,0,0,4,0,0,0,1
4.14,0.0,749,0,0,0,0.0,15.7,15.7,0,0,4,0,0,0,1
4.17,0.0,749,0,0,0,0.0,15.7,15.7,0,0,4,0,0,0,1
4.2,0.0,749,0,0,0,0.0,15.7,15.7,0,0,4,0,0,0,1
4.23,0.0,749,0,0,0,0.0,15.7,15.7,0,0,4,0,0,0,1
4.26,0.0,749,0,0,0,0.0,15.7,15.7,0,0,4,0,0,0,1
4.29,0.0,749,0,0,0,0.0,15.7,15.7,0,0,4,0,0,0,1
4.32,0.0,749,0,0,0,0.0,15.7,15.7,0,0,4,0,0,0,1
4.35,0.0,749,0,0,0,0.0,15.7,15.7,0,0,4,0,0,0,1
4.38,0.0,749,0,0,0,0.0,15.7,15.7,0,0,4,0,0,0,1
4.41,0.0,749,0,0,0,0.0,15.7,15.7,0,0,4,0,0,0,1
4.44,0.0,749,0,0,0,0.0,15.7,15.7,0,0,4,0,0,0,1
4.47,0.0,749,0,0,0,0.0,15.7,15.7,0,0,4,0,0,0,1
4.5,0.0,749,0,0,0,0.0,15.7,15.7,0,0,4,0,0,0,1
4.53,0.0,749,0,0,0,0.0,15.7,15.7,0,0,4,0,0,0,1
4.56,0.0,749,0,0,0,0.0,15.7,15.7,0,0,4,0,0,0,1
4.59,0.0,749,0,0,0,0.0,15.7,15.7,0,0,4,0,0,0,1
4.62,0.0,749,0,0,0,0.0,15.7,15.7,0,0,4,0,0,0,1
4.65,0.0,749,0,0,0,0.0,15.7,15.7,0,0,4,0,0,0,1
4.68,0.0,749,0,0,0,0.0,15.7,15.7,0,0,4,0,0,0,1
4.71,0.0,749,0,0,0,0.0,15.7,15.7,0,0,4,0,0,0,1
4.74,0.0,749,0,0,0,0.0,15.7,15.7,0,0,4,0,0,0,1
4.77,0.0,749,0,0,0,0.0,15.7,15.7,0,0,4,0,0,0,1
4.8,0.0,749,0,0,0,0.0,15.7,15.7,0,0,4,0,0,0,1
4.83,0.0,749,0,0,0,0.0,15.7,15.7,0,0,4,0,0,0,1
4.86,0.0,749,0,0,0,0.0,15.7,15.7,0,0,4,0,0,0,1
4.89,0.0,749,0,0,0,0.0,15.7,15.7,0,0,4,0,0,0,1
4.92,0.0,749,0,0,0,0.0,15.7,15.7,0,0,4,0,0,0,1
4.95,0.0,749,0,0,0,0.0,15.7,15.7,0,0,4,0,0,0,1
4.98,0.0,749,0,0,0,0.0,15.7,15.7,0,0,4,0,0,0,1
5.01,0.0,749,0,0,0,0.0,15.7,15.7,0,0,4,0,0,0,1
5.04,0.0,749,0,0,0,0.0,15.7,15.7,0,0,4,0,0,0,1
5.07,0.0,749,0,0,0,0.0,15.7,15.7,0,0,4,0,0,0,1
5.1,0.0,749,0,0,0,0.0,15.7,15.7,0,0,4,0,0,0,1
5.13,0.0,749,0,0,0,0.0,15.7,15.7,0,0,4,0,0,0,1
5.16,0.0,749,0,0,0,0.0,15.7,15.7,0,0,4,0,0,0,1
5.19,0.0,749,0,0,0,0.0,15.7,15.7,0,0,4,0,0,0,1
5.22,0.0,749,0,0,0,0.0,15.7,15.7,0,0,4,0,0,0,1
5.25,0.0,749,0,0,0,0.0,15.7,15.7,0,0,4,0,0,0,1
5.28,0.0,749,0,0,0,0.0,15.7,15.7,0,0,4,0,0,0,1
5.31,0.0,749,0,0,0,0.0,15.7,15.7,0,0,4,0,0,0,1
5.34,0.0,749,0,0,0,0.0,15.7,15.7,0,0,4,0,0,0,1
5.37,0.0,749,0,0,0,0.0,15.7,15.7,0,0,4,0,0,0,1
5.4,0.0,749,0,0,0,0.0,15.7,15.7,0,0,4,0,0,0,1
5.43,0.0,749,0,0,0,0.0,15.7,15.7,0,0,4,0,0,0,1
5.46,0.0,749,0,0,0,0.0,15.7,15.7,0,0,4,0,0,0,1
5.49,0.0,749,0,0,0,0.0,15.7,15.7,0,0,4,0,0,0,1
5.52,0.0,749,0,0,0,0.0,15.7,15.7,0,0,4,0,0,0,1
5.55,0.0,749,0,0,0,0.0,15.7,15.7,0,0,4,0,0,0,1
5.58,0.0,749,0,0,0,0.0,15.7,15.7,0,0,4,0,0,0,1
5.61,0.0,749,0,0,0,0.0,15.7,15.7,0,0,4,0,0,0,1
5.64,0.0,749,0,0,0,0.0,15.7,15.7,0,0,4,0,0,0,1
5.67,0.0,749,0,0,0,0.0,15.7,15.7,0,0,4,0,0,0,1
5.7,0.0,749,0,0,0,0.0,15.7,15.7,0,0,4,0,0,0,1
5.73,0.0,749,0,0,0,0.0,15.7,15.7,0,0,4,0,0,0,1
5.76,0.0,749,0,0,0,0.0,15.7,15.7,0,0,4,0,0,0,1
5.79,0.0,749,0,0,0,0.0,15.7,15.7,0,0,4,0,0,0,1
5.82,0.0,749,0,0,0,0.0,15.7,15.7,0,0,4,0,0,0,1
5.85,0.0,749,0,0,0,0.0,15.7,15.7,0,0,4,0,0,0,1
5.88,0.0,749,0,0,0,0.0,15.7,15.7,0,0,4,0,0,0,1
5.91,0.0,749,0,0,0,0.0,15.7,15.7,0,0,4,0,0,0,1
5.94,0.0,749,0,0,0,0.0,15.7,15.7,0,0,4,0,0,0,1
5.97,0.0,749,0,0,0,0.0,15.7,15.7,0,0,4,0,0,0,1
6.0,0.0,749,0,0,0,0.0,15.7,15.7,0,0,4,0,0,0,1
6.03,0.0,749,0,0,0,0.0,15.7,15.7,0,0,4,0,0,0,1
6.06,0.0,749,0,0,0,0.0,15.7,15.7,0,0,4,0,0,0,1
6.09,0.0,749,0,0,0,0.0,15.7,15.7,0,0,4,0,0,0,1
6.12,0.0,749,0,0,0,0.0,15.7,15.7,0,0,4,0,0,0,1
6.15,0.0,749,0,0,0,0.0,15.7,15.7,0,0,4,0,0,0,1
6.18,0.0,749,0,0,0,0.0,15.7,15.7,0,0,4,0,0,0,1
6.21,0.0,749,0,0,0,0.0,15.7,15.7,0,0,4,0,0,0,1
6.24,0.0,749,0,0,0,0.0,15.7,15.7,0,0,4,0,0,0,1
6.27,0.0,749,0,0,0,0.0,15.7,15.7,0,0,4,0,0,0,1
6.3,0.0,749,0,0,0,0.0,15.7,15.7,0,0,4,0,0,0,1
6.33,0.0,749,0,0,0,0.0,15.7,15.7,0,0,4,0,0,0,1
6.36,0.0,749,0,0,0,0.0,15.7,15.7,0,0,4,0,0,0,1
6.39,0.0,749,0,0,0,0.0,15.7,15.7,0,0,4,0,0,0,1
6.42,0.0,749,0,0,0,0.0,15.7,15.7,0,0,4,0,0,0,1
6.45,0.0,749,0,0,0,0.0,15.7,15.7,0,0,4,0,0,0,1
6.48,0.0,749,0,0,0,0.0,15.7,15.7,0,0,4,0,0,0,1
6.51,0.0,749,0,0,0,0.0,15.7,15.7,0,0,4,0,0,0,1
6.54,0.0,749,0,0,0,0.0,15.7,15.7,0,0,4,0,0,0,1
6.57,0.0,749,0,0,0,0.0,15.7,15.7,0,0,4,0,0,0,1
6.6,0.0,749,0,0,0,0.0,15.7,15.7,0,0,4,0,0,0,1
6.63,0.0,749,0,0,0,0.0,15.7,15.7,0,0,4,0,0,0,1
6.66,0.0,749,0,0,0,0.0,15.7,15.7,0,0,4,0,0,0,1
6.69,0.0,749,0,0,0,0.0,15.7,15.7,0,0,4,0,0,0,1
6.72,0.0,749,0,0,0,0.0,15.7,15.7,0,0,4,0,0,0,1
6.75,0.0,749,0,0,0,0.0,15.7,15.7,0,0,4,0,0,0,1
6.78,0.0,749,0,0,0,0.0,15.7,15.7,0,0,4,0,0,0,1
6.81,0.0,749,0,0,0,0.0,15.7,15.7,0,0,4,0,0,0,1
6.84,0.0,749,0,0,0,0.0,15.7,15.7,0,0,4,0,0,0,1
6.87,0.0,749,0,0,0,0.0,15.7,15.7,0,0,4,0,0,0,1
6.9,0.0,749,0,0,0,0.0,15.7,15.7,0,0,4,0,0,0,1
6.93,0.0,749,0,0,0,0.0,15.7,15.7,0,0,4,0,0,0,1
6.96,0.0,749,0,0,0,0.0,15.7,15.7,0,0,4,0,0,0,1
6.99,0.0,749,0,0,0,0.0,15.7,15.7,0,0,4,0,0,0,1
7.02,0.0,749,0,0,0,0.0,15.7,15.7,0,0,4,0,0,0,1
7.05,0.0,749,0,0,0,0.0,15.7,15.7,0,0,4,0,0,0,1
7.08,0.0,749,0,0,0,0.0,15.7,15.7,0,0,4,0,0,0,1
7.11,0.0,749,0,0,0,0.0,15.7,15.7,0,0,4,0,0,0,1
7.14,0.0,749,0,0,0,0.0,15.7,15.7,0,0,4,0,0,0,1
7.17,0.0,749,0,0,0,0.0,15.7,15.7,0,0,4,0,0,0,1
7.2,0.0,749,0,0,0,0.0,15.7,15.7,0,0,4,0,0,0,1
7.23,0.0,749,0,0,0,0.0,15.7,15.7,0,0,4,0,0,0,1
7.26,0.0,749,0,0,0,0.0,15.7,15.7,0,0,4,0,0,0,1
7.29,0.0,749,0,0,0,0.0,15.7,15.7,0,0,4,0,0,0,1
7.32,0.0,749,0,0,0,0.0,15.7,15.7,0,0,4,0,0,0,1
7.35,0.0,749,0,0,0,0.0,15.7,15.7,0,0,4,0,0,0,1
7.38,0.0,749,0,0,0,0.0,15.7,15.7,0,0,4,0,0,0,1
7.41,0.0,749,0,0,0,0.0,15.7,15.7,0,0,4,0,0,0,1
7.44,0.0,749,0,0,0,0.0,15.7,15.7,0,0,4,0,0,0,1
7.47,0.0,749,0,0,0,0.0,15.7,15.7,0,0,4,0,0,0,1
7.5,0.0,749,0,0,0,0.0,15.7,15.7,0,0,4,0,0,0,1
7.53,0.0,749,0,0,0,0.0,15.7,15.7,0,0,4,0,0,0,1
7.56,0.0,749,0,0,0,0.0,15.7,15.7,0,0,4,0,0,0,1
7.59,0.0,749,0,0,0,0.0,15.7,15.7,0,0,4,0,0,0,1
7.62,0.0,749,0,0,0,0.0,15.7,15.7,0,0,4,0,0,0,1
7.65,0.0,749,0,0,0,0.0,15.7,15.7,0,0,4,0,0,0,1
7.68,0.0,749,0,0,0,0.0,15.7,15.7,0,0,4,0,0,0,1
7.71,0.0,749,0,0,0,0.0,15.7,15.7,0,0,4,0,0,0,1
7.74,0.0,749,0,0,0,0.0,15.7,15.7,0,0,4,0,0,0,1
7.77,0.0,749,0,0,0,0.0,15.7,15.7,0,0,4,0,0,0,1
7.8,0.0,749,0,0,0,0.0,15.7,15.7,0,0,4,0,0,0,1
7.83,0.0,749,0,0,0,0.0,15.7,15.7,0,0,4,0,0,0,1
7.86,0.0,749,0,0,0,0.0,15.7,15.7,0,0,4,0,0,0,1
7.89,0.0,749,0,0,0,0.0,15.7,15.7,0,0,4,0,0,0,1
7.92,0.0,749,0,0,0,0.0,15.7,15.7,0,0,4,0,0,0,1
7.95,0.0,749,0,0,0,0.0,15.7,15.7,0,0,4,0,0,0,1
7.98,0.0,749,0,0,0,0.0,15.7,15.7,0,0,4,0,0,0,1
8.01,0.0,749,0,0,0,0.0,15.7,15.7,0,0,4,0,0,0,1
8.04,0.0,749,0,0,0,0.0,15.7,15.7,0,0,4,0,0,0,1
8.07,0.0,749,0,0,0,0.0,15.7,15.7,0,0,4,0,0,0,1
8.1,0.0,749,0,0,0,0.0,15.7,15.7,0,0,4,0,0,0,1
8.13,0.0,749,0,0,0,0.0,15.7,15.7,0,0,4,0,0,0,1
8.16,0.0,749,0,0,0,0.0,15.7,15.7,0,0,4,0,0,0,1
8.19,0.0,749,0,0,0,0.0,15.7,15.7,0,0,4,0,0,0,1
8.22,0.0,749,0,0,0,0.0,15.7,15.7,0,0,4,0,0,0,1
8.25,0.0,749,0,0,0,0.0,15.7,15.7,0,0,4,0,0,0,1
8.28,0.0,749,0,0,0,0.0,15.7,15.7,0,0,4,0,0,0,1
8.31,0.0,749,0,0,0,0.0,15.7,15.7,0,0,4,0,0,0,1
8.34,0.0,749,0,0,0,0.0,15.7,15.7,0,0,4,0,0,0,1
8.37,0.0,749,0,0,0,0.0,15.7,15.7,0,0,4,0,0,0,1
8.4,0.0,749,0,0,0,0.0,15.7,15.7,0,0,4,0,0,0,1
8.43,0.0,749,0,0,0,0.0,15.7,15.7,0,0,4,0,0,0,1
8.46,0.0,749,0,0,0,0.0,15.7,15.7,0,0,4,0,0,0,1
8.49,0.0,749,0,0,0,0.0,15.7,15.7,0,0,4,0,0,0,1
8.52,0.0,749,0,0,0,0.0,15.7,15.7,0,0,4,0,0,0,1
8.55,0.0,749,0,0,0,0.0,15.7,15.7,0,0,4,0,0,0,1
8.58,0.0,749,0,0,0,0.0,15.7,15.7,0,0,4,0,0,0,1
8.61,0.0,749,0,0,0,0.0,15.7,15.7,0,0,4,0,0,0,1
8.64,0.0,749,0,0,0,0.0,15.7,15.7,0,0,4,0,0,0,1
8.67,0.0,749,0,0,0,0.0,15.7,15.7,0,0,4,0,0,0,1
8.7,0.0,749,0,0,0,0.0,15.7,15.7,0,0,4,0,0,0,1
8.73,0.0,749,0,0,0,0.0,15.7,15.7,0,0,4,0,0,0,1
8.76,0.0,749,0,0,0,0.0,15.7,15.7,0,0,4,0,0,0,1
8.79,0.0,749,0,0,0,0.0,15.7,15.7,0,0,4,0,0,0,1
8.82,0.0,749,0,0,0,0.0,15.7,15.7,0,0,4,0,0,0,1
8.85,0.0,749,0,0,0,0.0,15.7,15.7,0,0,4,0,0,0,1
8.88,0.0,749,0,0,0,0.0,15.7,15.7,0,0,4,0,0,0,1
8.91,0.0,749,0,0,0,0.0,15.7,15.7,0,0,4,0,0,0,1
8.94,0.0,749,0,0,0,0.0,15.7,15.7,0,0,4,0,0,0,1
8.97,0.0,749,0,0,0,0.0,15.7,15.7,0,0,4,0,0,0,1
9.0,0.0,749,0,0,0,0.0,15.7,15.7,0,0,4,0,0,0,1
9.03,0.0,749,0,0,0,0.0,15.7,15.7,0,0,4,0,0,0,1
9.06,0.0,749,0,0,0,0.0,15.7,15.7,0,0,4,0,0,0,1
9.09,0.0,749,0,0,0,0.0,15.7,15.7,0,0,4,0,0,0,1
9.12,0.0,749,0,0,0,0.0,15.7,15.7,0,0,4,0,0,0,1
9.15,0.0,749,0,0,0,0.0,15.7,15.7,0,0,4,0,0,0,1
9.18,0.0,749,0,1,0,0.0,15.7,15.7,0,0,4,0,0,0,1
9.21,0.0,749,0,2,0,0.0,15.7,15.7,0,0,4,0,0,0,1
9.24,0.0,749,0,4,0,0.0,15.7,15.7,0,0,4,0,0,0,1
9.27,0.0,749,0,5,0,0.0,15.7,15.7,0,0,4,0,0,0,1
9.3,0.0,749,0,6,0,0.0,15.7,15.7,0,0,4,0,0,0,1
9.33,0.0,749,0,8,0,0.0,15.7,15.7,0,0,4,0,0,0,1
9.36,0.0,749,0,9,0,0.0,15.7,15.7,0,0,4,0,0,0,1
9.39,0.0,749,0,10,0,0.0,15.7,15.7,0,0,4,0,0,0,1
9.42,0.0,749,0,12,0,0.0,15.7,15.7,0,0,4,0,0,0,1
9.45,0.0,749,0,13,0,0.0,15.7,15.7,0,0,4,0,0,0,1
9.48,0.0,750,0,14,0,0.0,16.8,16.8,2,0,4,0,0,0,2
9.51,0.0,754,0,16,0,0.0,18.4,18.4,5,0,5,0,0,0,2
9.54,0.0,759,0,17,0,0.0,20.0,20.0,8,0,5,0,0,0,2
9.57,0.0,766,0,18,0,0.0,21.6,21.6,11,0,5,0,0,0,2
9.6,0.0,776,0,20,0,0.0,23.1,23.1,14,1,6,0,0,0,2
9.63,0.0,787,0,21,0,0.0,24.7,24.7,17,1,6,0,0,0,2
9.66,0.0,800,0,22,0,0.0,26.2,26.2,20,1,7,0,0,1,2
9.69,0.0,816,0,24,0,0.0,27.7,27.7,23,2,7,0,0,1,3
9.72,0.0,833,0,25,0,0.0,29.1,29.1,27,2,7,0,0,1,3
9.75,0.0,852,0,27,0,0.0,30.6,30.6,30,2,8,0,0,1,3
9.78,0.0,873,0,28,0,0.0,32.0,32.0,33,2,8,0,0,1,3
9.81,0.0,897,0,29,0,0.0,33.4,33.4,36,3,9,0,0,1,3
9.84,0.0,922,0,31,0,0.0,34.9,34.9,40,3,9,0,0,1,4
9.87,0.0,950,0,32,0,0.0,36.3,36.3,43,4,10,0,0,1,4
9.9,0.0,980,0,33,0,0.0,37.6,37.6,47,4,10,0,0,1,4
9.93,0.0,1011,0,32,0,0.0,38.4,38.4,49,5,11,0,0,0,4
9.96,0.0,1043,0,31,0,0.0,38.6,38.6,50,5,11,0,0,0,4
9.99,0.0,1076,0,29,0,0.0,38.4,38.4,50,5,11,0,0,0,4
10.02,0.0,1108,0,28,0,0.0,37.9,37.9,50,5,12,0,0,0,4
10.05,0.0,1139,0,27,0,0.0,37.3,37.3,49,5,12,0,0,0,4
10.08,0.0,1169,0,25,0,0.0,36.4,36.4,47,5,12,0,0,0,5
10.11,0.0,1199,0,24,0,0.0,35.4,35.4,46,5,12,0,0,0,5
10.14,0.0,1227,0,22,0,0.0,34.3,34.3,43,5,12,0,0,0,5
10.17,0.0,1254,0,24,0,0.0,33.8,33.8,43,5,12,0,0,0,5
10.2,0.0,1282,0,25,0,0.0,33.8,33.8,43,5,12,0,0,0,5
10.23,0.0,1310,0,27,0,0.0,34.1,34.1,44,6,12,0,0,0,5
10.26,0.0,1340,0,28,0,0.0,34.7,34.7,46,6,13,0,0,0,5
10.29,0.0,1371,0,29,0,0.0,35.4,35.4,48,6,13,0,0,0,5
10.32,0.0,1403,0,28,0,0.0,35.7,35.7,50,7,14,0,0,0,5
10.35,0.0,1426,0,27,0,0.0,35.5,35.5,36,5,13,0,0,2,5
10.38,0.0,1449,0,25,0,0.0,35.1,35.1,35,5,13,0,0,0,5
10.41,0.0,1470,0,24,0,0.0,34.4,34.4,34,5,13,0,0,0,5
10.44,0.0,1492,0,25,0,0.0,34.2,34.2,34,5,13,0,0,0,5
10.47,0.0,1514,0,27,0,0.0,34.4,34.4,34,5,13,0,0,0,5
10.5,0.0,1537,0,28,0,0.0,34.9,34.9,36,5,14,0,0,0,5
10.53,0.0,1562,0,29,0,0.0,35.6,35.6,38,6,14,0,0,0,5
10.56,0.0,1588,0,31,0,0.0,36.5,36.5,40,6,14,0,0,0,6
10.59,0.0,1615,0,32,0,0.0,37.5,37.5,43,7,15,0,0,1,6
10.62,0.0,1645,0,33,0,0.0,38.6,38.6,46,7,16,0,0,1,6
10.65,0.0,1677,0,35,0,0.01,39.7,39.7,49,8,17,0,0,1,6
10.68,0.0,1711,0,36,0,0.01,40.9,40.9,53,9,17,0,0,1,7
10.71,0.0,1747,0,37,0,0.02,42.1,42.1,57,10,18,0,0,1,7
10.74,0.0,1786,0,39,0,0.03,43.4,43.4,61,11,19,0,0,1,8
10.77,0.0,1827,0,40,0,0.04,44.6,44.6,65,12,21,0,0,1,8
10.8,0.0,1870,0,39,0,0.05,45.2,45.2,67,12,22,0,0,1,9
10.83,0.0,1914,0,37,0,0.06,45.4,45.4,69,13,23,0,0,0,9
10.86,0.0,1959,0,36,0,0.08,45.2,45.2,69,13,24,0,0,0,9
10.89,0.0,2003,0,35,0,0.09,44.8,44.8,69,14,24,0,0,0,10
10.92,0.0,2046,0,33,0,0.1,44.1,44.1,68,14,25,0,0,0,10
10.95,0.0,2089,0,35,0,0.12,43.9,43.9,66,14,26,0,0,0,10
10.98,0.0,2131,0,36,0,0.13,44.1,44.1,66,14,27,0,0,0,11
11.01,0.0,2173,0,37,0,0.15,44.5,44.5,66,14,28,0,0,0,11
11.04,0.0,2216,0,39,0,0.17,45.2,45.2,67,15,29,0,0,0,11
11.07,0.0,2260,0,40,0,0.18,46.0,46.0,68,15,30,0,0,0,12
11.1,0.0,2303,0,39,0,0.21,46.3,46.3,68,16,32,0,0,0,12
11.13,0.0,2346,0,37,0,0.23,46.2,46.2,66,16,33,0,0,0,13
11.16,0.0,2387,0,36,0,0.25,45.8,45.8,64,15,34,0,0,0,13
11.19,0.0,2426,0,35,0,0.27,45.2,45.2,62,15,34,0,0,0,14
11.22,0.0,2465,0,36,0,0.29,45.1,45.1,60,15,35,0,0,0,14
11.25,0.0,2504,0,37,0,0.31,45.3,45.3,60,15,37,0,0,0,14
11.28,0.0,2542,0,39,0,0.33,45.7,45.7,60,15,38,0,0,0,15
11.31,0.0,2581,0,40,0,0.36,46.4,46.4,61,16,39,0,0,0,16
11.34,0.0,2621,0,41,0,0.38,47.2,47.2,62,16,41,0,0,0,16
11.37,0.0,2661,0,40,0,0.41,47.5,47.5,62,17,42,0,0,0,17
11.4,0.0,2700,0,39,0,0.43,47.5,47.5,61,17,43,0,0,0,17
11.43,0.0,2738,0,37,0,0.46,47.1,47.1,59,16,44,0,0,0,18
11.46,0.0,2775,0,39,0,0.49,47.1,47.1,58,16,46,0,0,0,18
11.49,0.0,2812,0,40,0,0.51,47.5,47.5,58,16,47,0,0,0,19
11.52,0.0,2849,0,41,0,0.54,48.0,48.0,58,17,49,0,0,0,19
11.55,0.0,2887,0,43,0,0.57,48.8,48.8,59,17,50,0,0,0,20
11.58,0.0,2925,0,41,0,0.6,49.0,49.0,59,17,52,0,0,0,20
11.61,0.0,2962,0,40,0,0.63,48.9,48.9,58,17,53,0,0,0,21
11.64,0.0,2998,0,39,0,0.66,48.5,48.5,55,17,54,0,0,0,22
11.67,0.0,3032,0,37,0,0.69,47.9,47.9,53,16,55,0,0,0,22
11.7,0.0,3064,0,39,0,0.71,47.7,47.7,51,16,56,0,0,0,22
11.73,0.0,3097,0,40,0,0.74,47.9,47.9,51,16,58,0,0,0,23
11.76,0.0,3130,0,41,0,0.76,48.4,48.4,51,16,59,0,0,0,23
11.79,0.0,3163,0,43,0,0.79,49.0,49.0,52,17,60,0,0,0,24
11.82,0.0,3197,0,41,0,0.81,49.2,49.2,52,17,62,0,0,0,24
11.85,0.0,3229,0,40,0,0.83,49.1,49.1,50,16,63,0,0,0,25
11.88,0.0,3260,0,39,0,0.84,48.6,48.6,48,16,63,0,0,0,25
11.91,0.0,3289,0,37,0,0.86,48.0,48.0,45,15,64,0,0,0,25
11.94,0.0,3316,0,36,0,0.87,47.2,47.2,42,14,65,0,0,0,26
11.97,0.0,3341,0,35,0,0.89,46.2,46.2,39,13,65,0,0,0,26
12.0,0.0,3363,0,33,0,0.9,45.2,45.2,35,12,66,0,0,0,26
12.03,0.0,3383,0,32,0,0.91,44.1,44.1,31,11,66,0,0,0,26
12.06,0.0,3401,0,31,0,0.92,43.0,43.0,27,9,66,0,0,0,26
12.09,0.0,3416,0,29,0,0.93,41.8,41.8,23,8,66,0,0,1,26
12.12,0.0,3429,0,28,0,0.93,40.5,40.5,19,6,66,0,0,1,26
12.15,0.0,3438,0,27,0,0.93,39.2,39.2,14,5,66,0,0,1,26
12.18,0.0,3445,0,25,0,0.93,37.9,37.9,10,3,66,0,0,1,26
12.21,0.0,3449,0,24,0,0.93,36.6,36.6,6,2,65,0,0,1,26
12.24,0.0,3450,0,22,0,0.92,35.2,35.2,2,0,64,0,0,1,26
12.27,0.0,3450,0,21,0,0.91,33.8,33.8,-1,0,64,0,0,1,25
12.3,0.0,3447,0,22,0,0.89,33.1,33.1,-3,0,63,0,0,0,25
12.33,0.0,3445,0,24,0,0.88,32.9,32.9,-3,0,63,0,0,0,25
12.36,0.0,3443,0,25,0,0.87,33.1,33.1,-3,0,62,0,0,0,25
12.39,0.0,3442,0,27,0,0.86,33.6,33.6,-1,0,62,0,0,0,25
12.42,0.0,3442,0,28,0,0.85,34.3,34.3,0,0,62,0,0,0,25
12.45,0.0,3444,0,29,0,0.85,35.1,35.1,2,0,62,0,0,0,25
12.48,0.0,3447,0,31,0,0.85,36.1,36.1,5,1,63,0,0,0,25
12.51,0.0,3452,0,32,0,0.86,37.2,37.2,8,2,63,0,0,0,25
12.54,0.0,3459,0,33,0,0.86,38.4,38.4,10,3,64,0,0,0,25
12.57,0.0,3468,0,35,0,0.88,39.6,39.6,13,4,65,0,0,0,26
12.6,0.0,3478,0,36,0,0.89,40.8,40.8,16,5,66,0,0,0,26
12.63,0.0,3490,0,37,0,0.9,42.0,42.0,19,6,66,0,0,0,26
12.66,0.0,3504,0,39,0,0.91,43.3,43.3,21,7,67,0,0,0,27
12.69,0.0,3519,0,40,0,0.92,44.6,44.6,23,8,68,0,0,0,27
12.72,0.0,3536,0,41,0,0.93,45.8,45.8,26,9,69,0,0,0,27
12.75,0.0,3554,0,43,0,0.94,47.1,47.1,28,10,70,0,0,0,28
12.78,0.0,3573,0,44,0,0.94,48.4,48.4,30,11,70,0,0,0,28
12.81,0.0,3594,0,45,0,0.95,49.7,49.7,32,11,71,0,0,0,28
12.84,0.0,3615,0,47,0,0.95,50.9,50.9,33,12,72,0,0,0,29
12.87,0.0,3637,0,48,0,0.96,52.2,52.2,35,13,73,0,0,0,29
12.9,0.0,3661,0,49,0,0.96,53.4,53.4,36,13,73,0,0,0,29
12.93,0.0,3684,0,48,0,0.97,54.1,54.1,36,13,74,0,0,0,29
12.96,0.0,3706,0,47,0,0.97,54.3,54.3,34,13,74,0,0,0,30
12.99,0.0,3726,0,45,0,0.97,54.1,54.1,32,12,75,0,0,0,30
13.02,0.0,3745,0,44,0,0.98,53.7,53.7,29,11,75,0,0,0,30
13.05,0.0,3762,0,43,0,0.98,53.1,53.1,26,10,75,0,0,0,30
13.08,0.0,3777,0,41,0,0.98,52.3,52.3,23,9,75,0,0,0,30
13.11,0.0,3789,0,40,0,0.98,51.4,51.4,19,7,75,0,0,0,30
13.14,0.0,3799,0,39,0,0.99,50.4,50.4,16,6,75,0,0,0,30
13.17,0.0,3807,0,37,0,0.99,49.3,49.3,12,5,75,0,0,0,30
13.2,0.0,3814,0,39,0,0.99,48.8,48.8,10,4,75,0,0,0,30
13.23,0.0,3821,0,40,0,0.99,48.8,48.8,10,4,75,0,0,0,30
13.26,0.15,3793,1,41,0,0.99,49.0,49.0,10,4,74,49,100,0,64
13.29,0.46,3733,1,43,0,0.99,49.5,49.5,13,5,74,50,100,0,64
13.32,0.9,3643,1,44,0,0.99,50.2,50.2,20,7,73,52,100,1,64
13.35,1.5,3524,1,45,0,0.99,51.0,51.0,29,11,71,54,100,1,64
13.38,2.25,3379,1,47,0,0.99,52.0,52.0,42,15,70,58,100,1,65
13.41,3.15,3209,1,48,0,1.0,53.0,53.0,56,19,69,62,100,1,65
13.44,4.21,3009,1,49,0,1.0,54.0,54.0,64,21,66,63,100,0,64
13.47,5.42,2779,1,48,0,1.0,54.5,54.5,71,22,63,64,100,0,63
13.5,7.14,2439,1,47,0,0.99,54.6,54.6,78,22,59,64,100,0,61
13.53,9.37,1990,1,45,0,0.97,54.4,54.4,86,22,54,64,50,0,47
13.56,12.12,1433,1,47,0,0.92,54.5,54.5,97,20,48,64,13,0,35
13.59,9.15,2146,1,48,0,0.85,54.9,54.9,79,11,49,51,0,3,30
13.62,12.54,1444,1,49,0,0.82,55.5,55.5,96,21,46,65,0,3,32
13.65,9.42,2192,1,51,0,0.76,56.3,56.3,83,12,47,53,2,3,30
13.68,12.81,1492,1,52,0,0.75,57.1,57.1,100,23,44,67,0,4,31
13.71,9.7,2244,1,54,0,0.7,58.1,58.1,89,13,46,56,2,3,30
13.74,13.09,1546,1,55,0,0.7,59.1,59.1,104,24,44,69,0,3,32
13.77,9.97,2303,1,56,0,0.66,60.2,60.2,95,15,46,59,2,3,31
13.8,13.36,1608,1,58,0,0.67,61.3,61.3,109,26,44,72,0,3,32
13.83,10.48,2317,1,59,0,0.63,62.4,62.4,103,17,47,63,1,2,32
13.86,13.87,1626,1,60,0,0.65,63.5,63.5,115,27,44,74,0,3,33
13.89,10.75,2392,1,62,0,0.62,64.7,64.7,110,18,48,66,2,2,33
13.92,14.14,1704,1,63,0,0.64,65.8,65.8,119,30,45,77,0,3,34
13.95,11.12,2454,1,64,0,0.62,67.0,67.0,119,21,50,70,1,2,35
13.98,14.51,1770,1,66,0,0.65,68.2,68.2,124,32,47,80,0,2,35
14.01,11.71,2475,1,67,0,0.64,69.4,69.4,128,23,52,75,1,1,36
14.04,15.1,1793,1,66,0,0.67,70.0,70.0,129,33,48,82,0,2,36
14.07,11.99,2572,1,64,0,0.65,70.1,70.1,131,24,54,76,2,2,37
14.1,15.38,1889,1,63,0,0.68,70.0,70.0,126,34,49,82,0,2,36
14.13,12.6,2594,1,62,0,0.67,69.6,69.6,134,26,55,78,1,1,38
14.16,15.99,1909,1,63,0,0.7,69.6,69.6,124,33,50,82,0,1,36
14.19,12.87,2691,1,64,0,0.69,69.8,69.8,136,27,57,79,2,1,39
14.22,16.26,2007,1,66,0,0.72,70.3,70.3,124,35,51,82,0,1,37
14.25,13.46,2723,1,67,0,0.72,71.0,71.0,143,30,59,83,1,0,41
14.28,16.85,2040,1,68,0,0.74,71.7,71.7,127,36,53,84,0,0,38
14.31,13.73,2829,1,70,0,0.74,72.6,72.6,147,31,62,85,2,0,42
14.34,17.12,2148,1,71,0,0.76,73.5,73.5,129,38,55,86,0,0,39
14.37,14.66,2790,1,72,0,0.77,74.5,74.5,150,33,63,87,1,0,43
14.4,18.05,2113,1,74,0,0.79,75.6,75.6,136,39,56,89,0,0,40
14.43,14.94,2908,1,75,0,0.8,76.6,76.6,156,34,66,90,2,0,45
14.46,18.33,2233,1,76,0,0.82,77.7,77.7,139,42,59,91,0,0,42
14.49,15.21,3030,1,78,0,0.83,78.8,78.8,159,37,69,92,2,0,47
14.52,18.6,2356,1,79,0,0.85,79.9,79.9,141,45,61,94,0,0,43
14.55,16.26,2981,1,80,0,0.86,81.0,81.0,163,40,70,95,1,0,47
14.58,19.65,2313,1,82,0,0.87,82.1,82.1,149,46,62,96,0,0,44
14.61,16.53,3116,1,83,0,0.88,83.2,83.2,170,41,73,98,3,0,49
14.64,19.92,2449,1,85,0,0.89,84.3,84.3,151,49,65,99,0,0,46
14.67,16.81,3254,1,86,0,0.9,85.5,85.5,173,44,76,100,2,0,51
14.7,20.19,2588,1,87,0,0.91,86.6,86.6,153,52,68,100,0,0,47
14.73,18.08,3171,1,89,0,0.92,87.7,87.7,175,47,76,100,1,0,51
14.76,21.47,2510,1,90,0,0.93,88.8,88.8,162,54,68,100,0,0,47
14.79,18.35,3323,1,91,0,0.93,89.9,89.9,184,48,79,100,3,0,53
14.82,21.74,2663,1,93,0,0.94,91.0,91.0,164,57,71,100,0,0,48
14.85,18.63,3477,1,94,0,0.94,92.1,92.1,186,51,83,100,2,0,54
14.88,18.61,3578,0,95,0,0.95,93.2,93.2,158,57,84,0,0,1,34
14.91,18.59,3673,0,97,0,0.95,94.3,94.3,148,55,85,0,0,1,34
14.94,18.58,3761,0,98,0,0.96,95.4,95.4,139,53,86,0,0,1,34
14.97,18.56,3845,0,99,0,0.96,96.5,96.5,130,51,87,0,0,1,35
15.0,18.54,3922,0,100,0,0.97,97.3,97.3,121,49,88,0,0,0,35
15.03,18.52,3994,0,100,0,0.97,98.0,98.0,113,46,89,0,0,0,35
15.06,18.51,4061,0,100,0,0.98,98.5,98.5,104,43,89,0,0,0,36
15.09,18.49,4122,0,98,0,0.98,98.6,98.6,96,40,90,0,0,1,36
15.12,18.47,4178,0,97,0,0.98,98.4,98.4,87,37,90,0,0,1,36
15.15,18.46,4200,0,98,0,0.98,98.5,98.5,80,35,90,0,0,1,36
15.18,18.44,4123,0,100,0,0.89,98.9,0.0,-119,0,65,0,0,20,29
15.21,18.42,4176,0,100,0,0.91,99.1,95.8,82,35,88,0,0,19,38
15.24,18.68,4110,2,100,0,0.92,99.4,96.3,76,33,86,44,100,0,68
15.27,19.22,3935,2,100,0,0.93,99.5,96.7,85,36,84,46,100,0,68
15.3,20.03,3661,2,100,0,0.94,99.6,97.1,109,45,82,50,100,1,68
15.33,21.12,3296,2,98,0,0.94,99.5,97.5,146,56,79,56,87,3,65
15.36,22.48,2840,2,97,0,0.95,99.1,97.7,183,63,76,62,43,3,54
15.39,24.12,2279,2,95,0,0.95,98.5,98.0,197,58,69,62,11,0,43
15.42,25.94,1650,2,94,0,0.96,97.8,97.8,212,50,64,62,0,0,38
15.45,24.25,2466,2,93,0,0.94,97.0,97.0,190,32,67,54,2,4,38
15.48,26.07,1831,2,91,0,0.94,96.2,96.2,202,52,64,61,0,3,38
15.51,25.27,1849,2,93,0,0.94,95.8,95.8,200,38,62,57,0,2,36
15.54,25.52,1868,2,94,0,0.93,95.8,95.8,202,39,63,57,0,0,36
15.57,25.77,1886,2,95,0,0.93,96.0,96.0,204,39,63,58,0,0,37
15.6,26.03,1905,2,94,0,0.94,95.9,95.9,205,40,63,58,0,0,37
15.63,26.28,1923,2,93,0,0.94,95.6,95.6,205,41,64,58,0,0,37
15.66,26.53,1942,2,91,0,0.94,95.1,95.1,205,41,64,58,0,0,37
15.69,26.79,1961,2,90,0,0.94,94.4,94.4,205,41,64,58,0,0,37
15.72,27.04,1979,2,89,0,0.95,93.7,93.7,204,41,65,58,0,0,37
15.75,27.29,1998,2,87,0,0.95,92.8,92.8,203,42,65,58,0,0,37
15.78,27.54,2016,2,86,0,0.95,91.9,91.9,202,42,65,58,0,0,37
15.81,27.79,2034,2,85,0,0.96,91.0,91.0,199,42,65,58,0,0,37
15.84,28.03,2052,2,83,0,0.96,90.0,90.0,196,41,65,57,0,0,37
15.87,28.27,2069,2,82,0,0.96,89.0,89.0,192,41,65,56,0,0,37
15.9,28.5,2086,2,81,0,0.96,87.9,87.9,189,41,65,56,0,0,37
15.93,28.73,2103,2,79,0,0.97,86.8,86.8,186,40,65,55,0,0,37
15.96,28.95,2119,2,78,0,0.97,85.8,85.8,182,40,65,54,0,0,37
15.99,29.17,2135,2,77,0,0.97,84.7,84.7,179,39,64,53,0,0,36
16.02,29.39,2151,2,75,0,0.97,83.6,83.6,175,39,64,53,0,0,36
16.05,29.6,2167,2,77,0,0.98,83.0,83.0,173,39,64,52,0,0,36
16.08,29.81,2182,2,78,0,0.98,82.8,82.8,172,39,64,52,0,0,36
16.11,30.02,2197,2,79,0,0.98,83.0,83.0,172,39,65,52,0,0,36
16.14,30.23,2213,2,81,0,0.98,83.4,83.4,173,39,65,53,0,0,36
16.17,30.45,2229,2,82,0,0.98,83.9,83.9,174,40,65,53,0,0,37
16.2,30.66,2244,2,83,0,0.98,84.6,84.6,176,41,66,53,0,0,37
16.23,30.88,2260,2,85,0,0.98,85.4,85.4,178,41,66,54,0,0,37
16.26,31.1,2277,2,86,0,0.99,86.3,86.3,180,42,67,55,0,0,38
16.29,31.33,2293,2,87,0,0.99,87.2,87.2,182,43,67,55,0,0,38
16.32,31.55,2310,2,89,0,0.99,88.2,88.2,184,44,68,56,0,0,38
16.35,31.78,2326,2,90,0,0.99,89.2,89.2,187,45,68,56,0,0,38
16.38,32.02,2343,2,91,0,0.99,90.2,90.2,189,46,69,57,0,0,39
16.41,32.25,2361,2,93,0,0.99,91.3,91.3,192,47,69,58,0,0,39
16.44,32.49,2378,2,91,0,0.99,91.8,91.8,193,47,70,58,0,0,39
16.47,32.73,2396,2,90,0,0.99,91.9,91.9,193,48,70,58,0,0,39
16.5,32.97,2413,2,91,0,0.99,92.3,92.3,193,48,70,58,0,0,40
16.53,33.21,2431,2,93,0,0.99,92.8,92.8,194,49,71,59,0,0,40
16.56,33.45,2448,2,91,0,0.99,93.0,93.0,194,49,71,59,0,0,40
16.59,33.68,2466,2,90,0,0.99,92.8,92.8,193,49,71,59,0,0,40
16.62,33.92,2483,2,89,0,0.99,92.5,92.5,192,49,71,58,0,0,40
16.65,34.15,2500,2,87,0,0.99,91.9,91.9,190,49,71,58,0,0,40
16.68,34.38,2517,2,86,0,1.0,91.2,91.2,188,49,71,58,0,0,40
16.71,34.61,2534,2,87,0,1.0,91.0,91.0,186,49,71,57,0,0,40
16.74,34.84,2550,2,89,0,1.0,91.0,91.0,186,49,71,58,0,0,40
16.77,35.07,2567,2,90,0,1.0,91.4,91.4,187,49,72,58,0,0,40
16.8,35.3,2584,2,91,0,1.0,91.9,91.9,188,50,72,58,0,0,40
16.83,35.53,2601,2,90,0,1.0,92.0,92.0,187,50,72,58,0,0,40
16.86,35.76,2618,2,89,0,1.0,91.8,91.8,187,50,73,58,0,0,41
16.89,35.99,2634,2,87,0,1.0,91.4,91.4,185,50,73,58,0,0,41
16.92,36.21,2651,2,86,0,1.0,90.8,90.8,183,50,73,57,0,0,40
16.95,36.43,2667,2,85,0,1.0,90.2,90.2,181,50,73,57,0,0,40
16.98,36.65,2683,2,86,0,1.0,89.9,89.9,179,50,73,57,0,0,40
17.01,36.87,2699,2,87,0,1.0,90.0,90.0,179,50,73,57,0,0,40
17.04,37.09,2715,2,89,0,1.0,90.3,90.3,180,50,73,57,0,0,41
17.07,37.31,2731,2,90,0,1.0,90.8,90.8,181,51,74,57,0,0,41
17.1,37.53,2747,2,89,0,1.0,90.9,90.9,180,51,74,57,0,0,41
17.13,37.75,2763,2,87,0,1.0,90.7,90.7,180,51,74,57,0,0,41
17.16,37.97,2779,2,86,0,1.0,90.3,90.3,178,51,74,57,0,0,41
17.19,38.19,2795,2,85,0,1.0,89.7,89.7,176,51,74,57,0,0,41
17.22,38.4,2811,2,83,0,1.0,89.0,89.0,174,50,74,56,0,0,41
17.25,38.61,2826,2,82,0,1.0,88.2,88.2,171,50,74,56,0,0,41
17.28,38.81,2841,2,81,0,1.0,87.4,87.4,168,49,74,55,0,0,41
17.31,39.01,2856,2,79,0,1.0,86.4,86.4,165,49,74,55,0,0,40
17.34,39.21,2870,2,78,0,1.0,85.4,85.4,162,48,74,54,0,0,40
17.37,39.4,2884,2,77,0,1.0,84.4,84.4,159,47,74,53,0,0,40
17.4,39.59,2898,2,75,0,1.0,83.4,83.4,155,47,74,53,0,0,40
17.43,39.77,2911,2,74,0,1.0,82.3,82.3,152,46,73,52,0,0,40
17.46,39.95,2924,2,75,0,1.0,81.8,81.8,150,45,73,52,0,0,40
17.49,40.13,2937,2,77,0,1.0,81.6,81.6,149,45,74,52,0,0,40
17.52,40.31,2951,2,78,0,1.0,81.8,81.8,149,46,74,52,0,0,40
17.55,40.49,2964,2,77,0,1.0,81.6,81.6,148,46,74,52,0,0,40
17.58,40.67,2977,2,75,0,1.0,81.3,81.3,147,45,74,51,0,0,40
17.61,40.84,2989,2,74,0,1.0,80.7,80.7,145,45,74,51,0,0,40
17.64,41.01,3002,2,73,0,1.0,80.0,80.0,143,44,74,50,0,0,40
17.67,41.18,3014,2,71,0,1.0,79.2,79.2,140,44,74,50,0,0,39
17.7,41.34,3026,2,70,0,1.0,78.3,78.3,137,43,74,49,0,0,39
17.73,41.5,3038,2,68,0,1.0,77.3,77.3,134,42,74,49,0,0,39
17.76,41.66,3049,2,67,0,1.0,76.3,76.3,131,41,73,48,0,0,39
17.79,41.81,3060,2,66,0,1.0,75.3,75.3,128,40,73,47,0,0,39
17.82,41.96,3071,2,64,0,1.0,74.2,74.2,124,40,73,47,0,0,39
17.85,42.1,3082,2,66,0,1.0,73.7,73.7,123,39,73,46,0,0,38
17.88,42.25,3092,2,67,0,1.0,73.5,73.5,122,39,73,46,0,0,38
17.91,42.39,3103,2,68,0,1.0,73.7,73.7,122,39,73,46,0,0,39
17.94,42.53,3113,2,67,0,1.0,73.6,73.6,121,39,74,46,0,0,39
17.97,42.67,3124,2,66,0,1.0,73.2,73.2,120,39,74,46,0,0,39
18.0,42.81,3134,2,64,0,1.0,72.6,72.6,118,38,74,46,0,0,39
18.03,42.95,3144,2,63,0,1.0,71.9,71.9,116,38,73,45,0,0,38
18.06,43.08,3154,2,62,0,1.0,71.0,71.0,113,37,73,45,0,0,38
18.09,43.21,3163,2,60,0,1.0,70.1,70.1,110,36,73,44,0,0,38
18.12,43.33,3172,2,59,0,1.0,69.1,69.1,107,35,73,44,0,0,38
18.15,43.45,3181,2,58,0,1.0,68.1,68.1,104,34,73,43,0,0,38
18.18,43.57,3189,2,56,0,1.0,67.0,67.0,101,33,73,42,0,0,37
18.21,43.68,3198,2,55,0,1.0,65.9,65.9,98,32,72,42,0,0,37
18.24,43.79,3205,2,54,0,1.0,64.8,64.8,94,31,72,41,0,0,37
18.27,43.89,3213,2,55,0,1.0,64.2,64.2,92,31,72,40,0,0,37
18.3,44.0,3221,2,56,0,1.0,64.1,64.1,92,31,72,40,0,0,37
18.33,44.1,3228,2,58,0,1.0,64.2,64.2,92,31,72,40,0,0,37
18.36,44.21,3236,2,56,0,1.0,64.1,64.1,91,31,72,40,0,0,37
18.39,44.31,3243,2,55,0,1.0,63.7,63.7,90,30,72,40,0,0,37
18.42,44.41,3251,2,54,0,1.0,63.1,63.1,88,30,72,40,0,0,37
18.45,44.5,3258,2,52,0,1.0,62.3,62.3,86,29,72,39,0,0,37
18.48,44.6,3265,2,54,0,1.0,62.1,62.1,85,29,72,39,0,0,37
18.51,44.69,3272,2,55,0,1.0,62.1,62.1,85,29,72,39,0,0,37
18.54,44.79,3279,2,56,0,1.0,62.5,62.5,85,29,73,39,0,0,37
18.57,44.89,3286,2,58,0,1.0,63.0,63.0,87,29,73,40,0,0,37
18.6,44.99,3293,2,59,0,1.0,63.8,63.8,89,30,73,40,0,0,37
18.63,45.09,3300,2,58,0,1.0,64.0,64.0,89,30,73,40,0,0,37
18.66,45.19,3308,2,56,0,1.0,63.9,63.9,89,30,73,40,0,0,37
18.69,45.28,3315,2,55,0,1.0,63.6,63.6,87,30,73,40,0,0,37
18.72,45.38,3322,2,56,0,1.0,63.6,63.6,87,30,74,40,0,0,37
18.75,45.48,3329,2,58,0,1.0,63.9,63.9,88,30,74,40,0,0,37
18.78,45.58,3337,2,59,0,1.0,64.4,64.4,89,31,74,41,0,0,38
18.81,45.68,3344,2,60,0,1.0,65.1,65.1,91,31,74,41,0,0,38
18.84,45.79,3352,2,62,0,1.0,65.9,65.9,93,32,75,41,0,0,38
18.87,45.9,3360,2,60,0,1.0,66.2,66.2,93,32,75,42,0,0,38
18.9,46.0,3367,2,59,0,1.0,66.1,66.1,93,32,75,42,0,0,38
18.93,46.11,3375,2,60,0,1.0,66.4,66.4,94,33,75,42,0,0,38
18.96,46.21,3383,2,62,0,1.0,66.9,66.9,95,33,76,42,0,0,39
18.99,46.32,3391,2,63,0,1.0,67.5,67.5,96,34,76,43,0,0,39
19.02,46.44,3399,2,64,0,1.0,68.3,68.3,98,35,76,43,0,0,39
19.05,46.55,3408,2,66,0,1.0,69.2,69.2,100,35,77,44,0,0,39
19.08,46.67,3416,2,64,0,1.0,69.6,69.6,101,36,77,44,0,0,39
19.11,46.78,3424,2,63,0,1.0,69.6,69.6,100,35,77,44,0,0,39
19.14,46.89,3432,2,62,0,1.0,69.3,69.3,98,35,77,43,0,0,39
19.17,47.0,3440,2,60,0,1.0,68.8,68.8,96,34,77,43,0,0,39
19.2,47.11,3448,2,59,0,1.0,68.1,68.1,93,33,77,42,0,0,39
19.23,47.21,3456,2,60,0,1.0,67.9,67.9,92,33,77,42,0,0,39
19.26,47.31,3463,2,62,0,1.0,68.0,68.0,91,33,77,42,0,0,39
19.29,47.42,3471,2,63,0,1.0,68.4,68.4,92,33,77,42,0,0,39
19.32,47.52,3479,2,64,0,1.0,69.0,69.0,93,33,77,42,0,0,39
19.35,47.63,3486,2,63,0,1.0,69.1,69.1,92,33,77,42,0,0,39
19.38,47.73,3494,2,62,0,1.0,68.9,68.9,91,33,77,42,0,0,39
19.41,47.83,3501,2,60,0,1.0,68.5,68.5,89,32,77,42,0,0,39
19.44,47.92,3508,2,59,0,1.0,67.9,67.9,87,31,77,41,0,0,39
19.47,48.02,3515,2,60,0,1.0,67.8,67.8,86,31,77,41,0,0,39
19.5,48.11,3522,2,62,0,1.0,67.9,67.9,85,31,77,41,0,0,39
19.53,48.21,3529,2,63,0,1.0,68.3,68.3,86,31,77,41,0,0,39
19.56,48.31,3536,2,64,0,1.0,68.9,68.9,87,32,78,41,0,0,39
19.59,48.4,3543,2,66,0,1.0,69.6,69.6,88,32,78,42,0,0,39
19.62,48.5,3550,2,64,0,1.0,69.9,69.9,88,32,78,42,0,0,39
19.65,48.6,3558,2,63,0,1.0,69.8,69.8,87,32,78,42,0,0,39
19.68,48.69,3564,2,62,0,1.0,69.5,69.5,85,31,78,41,0,0,39
19.71,48.79,3571,2,60,0,1.0,68.9,68.9,83,31,78,41,0,0,39
19.74,48.88,3578,2,59,0,1.0,68.2,68.2,81,30,78,40,0,0,39
19.77,48.96,3584,2,60,0,1.0,68.0,68.0,79,29,78,40,0,0,39
19.8,49.05,3590,2,62,0,1.0,68.1,68.1,79,29,78,40,0,0,39
19.83,49.14,3597,2,63,0,1.0,68.4,68.4,79,29,78,40,0,0,39
19.86,49.22,3603,2,64,0,1.0,69.0,69.0,80,30,78,40,0,0,39
19.89,49.31,3610,2,66,0,1.0,69.7,69.7,81,30,78,41,0,0,39
19.92,49.4,3616,2,64,0,1.0,70.0,70.0,81,30,79,41,0,0,39
19.95,49.49,3623,2,63,0,1.0,69.9,69.9,80,30,79,41,0,0,39
19.98,49.58,3629,2,62,0,1.0,69.5,69.5,79,30,79,40,0,0,39
20.01,49.66,3635,2,63,0,1.0,69.5,69.5,78,29,79,40,0,0,39
20.04,49.75,3642,2,64,0,1.0,69.8,69.8,78,29,79,40,0,0,39
20.07,49.83,3648,2,66,0,1.0,70.3,70.3,79,30,79,40,0,0,40
20.1,49.92,3654,2,67,0,1.0,71.0,71.0,80,30,79,41,0,0,40
20.13,50.01,3661,2,68,0,1.0,71.8,71.8,81,31,79,41,0,0,40
20.16,50.1,3667,2,70,0,1.0,72.7,72.7,83,31,80,42,0,0,40
20.19,50.19,3674,2,68,0,1.0,73.1,73.1,83,32,80,42,0,0,40
20.22,50.28,3681,2,67,0,1.0,73.1,73.1,82,31,80,42,0,0,40
20.25,50.37,3687,2,66,0,1.0,72.8,72.8,81,31,80,41,0,0,40
20.28,50.46,3694,2,67,0,1.0,72.9,72.9,81,31,80,41,0,0,40
20.31,50.55,3700,2,68,0,1.0,73.2,73.2,81,31,80,41,0,0,40
20.34,50.64,3707,2,70,0,1.0,73.7,73.7,81,31,80,41,0,0,40
20.37,50.73,3713,2,71,0,1.0,74.4,74.4,82,32,81,42,0,0,41
20.4,50.82,3720,2,73,0,1.0,75.2,75.2,84,32,81,42,0,0,41
20.43,50.91,3727,2,71,0,1.0,75.6,75.6,84,32,81,42,0,0,41
20.46,51.01,3734,2,70,0,1.0,75.5,75.5,83,32,81,42,0,0,41
20.49,51.09,3740,2,68,0,1.0,75.2,75.2,81,32,81,42,0,0,41
20.52,51.18,3747,2,67,0,1.0,74.7,74.7,79,31,81,41,0,0,41
20.55,51.27,3753,2,68,0,1.0,74.6,74.6,79,31,81,41,0,0,41
20.58,51.35,3759,2,70,0,1.0,74.8,74.8,78,30,81,41,0,0,41
20.61,51.44,3765,2,71,0,1.0,75.2,75.2,79,31,81,41,0,0,41
20.64,51.52,3772,2,73,0,1.0,75.8,75.8,80,31,82,42,0,0,41
20.67,51.61,3778,2,71,0,1.0,76.0,76.0,79,31,82,42,0,0,41
20.7,51.7,3784,2,70,0,1.0,75.9,75.9,78,31,82,41,0,0,41
20.73,51.78,3790,2,68,0,1.0,75.5,75.5,77,30,82,41,0,0,41
20.76,51.86,3796,2,67,0,1.0,74.9,74.9,75,29,82,41,0,0,41
20.79,51.94,3802,2,68,0,1.0,74.8,74.8,74,29,82,40,0,0,41
20.82,52.02,3808,2,70,0,1.0,74.9,74.9,73,29,82,40,0,0,41
20.85,52.1,3814,2,71,0,1.0,75.3,75.3,74,29,82,41,0,0,41
20.88,52.18,3819,2,73,0,1.0,75.9,75.9,74,29,82,41,0,0,41
20.91,52.26,3825,2,71,0,1.0,76.1,76.1,74,29,82,41,0,0,41
20.94,52.33,3831,2,70,0,1.0,75.9,75.9,73,29,82,41,0,0,41
20.97,52.41,3837,2,68,0,1.0,75.5,75.5,72,28,82,40,0,0,41
21.0,52.49,3842,2,70,0,1.0,75.5,75.5,71,28,82,40,0,0,41
21.03,52.56,3848,2,71,0,1.0,75.8,75.8,71,28,82,40,0,0,41
21.06,52.64,3853,2,73,0,1.0,76.2,76.2,72,29,82,40,0,0,41
21.09,52.71,3859,2,74,0,1.0,76.9,76.9,72,29,83,41,0,0,41
21.12,52.79,3865,2,75,0,1.0,77.6,77.6,74,29,83,41,0,0,41
21.15,52.87,3870,2,77,0,1.0,78.5,78.5,75,30,83,41,0,0,41
21.18,52.95,3876,2,75,0,1.0,78.9,78.9,75,30,83,41,0,0,41
21.21,53.03,3882,2,74,0,1.0,78.9,78.9,74,30,83,41,0,0,41
21.24,53.11,3888,2,73,0,1.0,78.6,78.6,73,29,83,41,0,0,41
21.27,53.19,3893,2,71,0,1.0,78.1,78.1,71,29,83,41,0,0,41
21.3,53.26,3899,2,70,0,1.0,77.5,77.5,69,28,83,40,0,0,41
21.33,53.33,3904,2,68,0,1.0,76.7,76.7,67,27,83,40,0,0,41
21.36,53.4,3909,2,70,0,1.0,76.4,76.4,66,27,83,39,0,0,41
21.39,53.47,3914,2,71,0,1.0,76.4,76.4,65,26,83,39,0,0,41
21.42,53.54,3919,2,73,0,1.0,76.8,76.8,65,27,83,39,0,0,41
21.45,53.6,3924,2,74,0,1.0,77.3,77.3,66,27,83,40,0,0,41
21.48,53.67,3929,2,73,0,1.0,77.4,77.4,66,27,83,40,0,0,41
21.51,53.74,3934,2,71,0,1.0,77.2,77.2,65,26,83,39,0,0,41
21.54,53.8,3939,2,70,0,1.0,76.8,76.8,63,26,83,39,0,0,41
21.57,53.87,3943,2,68,0,1.0,76.2,76.2,61,25,83,39,0,0,41
21.6,53.93,3948,2,70,0,1.0,76.0,76.0,60,25,83,39,0,0,41
21.63,53.99,3952,2,71,0,1.0,76.1,76.1,60,25,83,39,0,0,41
21.66,54.05,3957,2,73,0,1.0,76.5,76.5,61,25,83,39,0,0,41
21.69,54.11,3961,2,74,0,1.0,77.1,77.1,61,25,84,39,0,0,41
21.72,54.18,3966,2,75,0,1.0,77.8,77.8,63,26,84,39,0,0,41
21.75,54.24,3971,2,77,0,1.0,78.6,78.6,64,26,84,39,0,0,41
21.78,54.31,3976,2,75,0,1.0,79.0,79.0,64,26,84,40,0,0,42
21.81,54.37,3980,2,74,0,1.0,78.9,78.9,63,26,84,39,0,0,42
21.84,54.44,3985,2,73,0,1.0,78.7,78.7,62,26,84,39,0,0,41
21.87,54.5,3989,2,71,0,1.0,78.2,78.2,61,25,84,39,0,0,41
21.9,54.56,3994,2,73,0,1.0,78.1,78.1,60,25,84,39,0,0,41
21.93,54.62,3998,2,74,0,1.0,78.3,78.3,60,25,84,39,0,0,41
21.96,54.68,4003,2,75,0,1.0,78.7,78.7,60,25,84,39,0,0,41
21.99,54.74,4007,2,77,0,1.0,79.3,79.3,61,25,85,39,0,0,42
22.02,54.81,4012,2,75,0,1.0,79.5,79.5,61,25,85,39,0,0,42
22.05,54.87,4016,2,74,0,1.0,79.3,79.3,60,25,85,39,0,0,42
22.08,54.93,4021,2,73,0,1.0,78.9,78.9,59,24,85,39,0,0,42
22.11,54.98,4025,2,71,0,1.0,78.4,78.4,57,24,85,38,0,0,41
22.14,55.04,4029,2,70,0,1.0,77.7,77.7,55,23,84,38,0,0,41
22.17,55.09,4033,2,71,0,1.0,77.4,77.4,54,23,84,38,0,0,41
22.2,55.14,4036,2,73,0,1.0,77.5,77.5,54,22,84,38,0,0,41
22.23,55.19,4040,2,74,0,1.0,77.8,77.8,54,23,85,38,0,0,41
22.26,55.25,4044,2,75,0,1.0,78.4,78.4,55,23,85,38,0,0,41
22.29,55.3,4048,2,77,0,1.0,79.0,79.0,56,23,85,38,0,0,42
22.32,55.36,4052,2,78,0,1.0,79.8,79.8,57,24,85,39,0,0,42
22.35,55.42,4057,2,77,0,1.0,80.2,80.2,57,24,85,39,0,0,42
22.38,55.47,4061,2,75,0,1.0,80.1,80.1,57,24,85,39,0,0,42
22.41,55.53,4065,2,74,0,1.0,79.8,79.8,56,23,85,38,0,0,42
22.44,55.58,4069,2,73,0,1.0,79.3,79.3,54,23,85,38,0,0,42
22.47,55.63,4072,2,74,0,1.0,79.2,79.2,53,23,85,38,0,0,42
22.5,55.68,4076,2,75,0,1.0,79.4,79.4,53,23,85,38,0,0,42
22.53,55.74,4080,2,77,0,1.0,79.8,79.8,54,23,85,38,0,0,42
22.56,55.79,4084,2,78,0,1.0,80.4,80.4,55,23,86,38,0,0,42
22.59,55.85,4088,2,79,0,1.0,81.2,81.2,56,24,86,39,0,0,42
22.62,55.9,4092,2,81,0,1.0,82.0,82.0,57,24,86,39,0,0,42
22.65,55.96,4096,2,79,0,1.0,82.3,82.3,57,24,86,39,0,0,42
22.68,56.02,4100,2,78,0,1.0,82.3,82.3,57,24,86,39,0,0,42
22.71,56.07,4104,2,77,0,1.0,82.1,82.1,56,24,86,39,0,0,42
22.74,56.12,4108,2,75,0,1.0,81.6,81.6,54,23,86,38,0,0,42
22.77,56.18,4112,2,77,0,1.0,81.5,81.5,54,23,86,38,0,0,42
22.8,56.23,4116,2,78,0,1.0,81.7,81.7,54,23,86,38,0,0,42
22.83,56.28,4120,2,79,0,1.0,82.1,82.1,54,23,86,38,0,0,42
22.86,56.33,4124,2,81,0,1.0,82.7,82.7,55,23,86,39,0,0,42
22.89,56.39,4128,2,79,0,1.0,82.9,82.9,55,23,87,39,0,0,42
22.92,56.44,4131,2,78,0,1.0,82.7,82.7,54,23,87,39,0,0,42
22.95,56.49,4135,2,77,0,1.0,82.4,82.4,53,23,87,38,0,0,42
22.98,56.54,4139,2,75,0,1.0,81.8,81.8,51,22,86,38,0,0,42
23.01,56.59,4142,2,74,0,1.0,81.1,81.1,49,21,86,38,0,0,42
23.04,56.63,4145,2,73,0,1.0,80.3,80.3,47,20,86,37,0,0,42
23.07,56.67,4148,2,74,0,1.0,80.0,80.0,46,20,86,37,0,0,42
23.1,56.71,4152,2,75,0,1.0,80.0,80.0,46,20,86,37,0,0,42
23.13,56.76,4155,2,77,0,1.0,80.3,80.3,46,20,86,37,0,0,42
23.16,56.8,4158,2,78,0,1.0,80.8,80.8,47,20,86,37,0,0,42
23.19,56.84,4161,2,77,0,1.0,80.9,80.9,47,20,86,37,0,0,42
23.22,56.88,4164,2,75,0,1.0,80.7,80.7,46,20,86,37,0,0,42
23.25,56.92,4167,2,74,0,1.0,80.2,80.2,45,19,86,37,0,0,42
23.28,56.96,4170,2,75,0,1.0,80.2,80.2,44,19,86,37,0,0,42
23.31,57.0,4173,2,77,0,1.0,80.4,80.4,44,19,86,37,0,0,42
23.34,57.04,4176,2,78,0,1.0,80.9,80.9,45,19,87,37,0,0,42
23.37,57.08,4179,2,79,0,1.0,81.5,81.5,46,20,87,37,0,0,42
23.4,57.13,4182,2,81,0,1.0,82.2,82.2,47,20,87,37,0,0,42
23.43,57.17,4185,2,82,0,1.0,83.1,83.1,48,21,87,38,0,0,42
23.46,57.22,4188,2,81,0,1.0,83.4,83.4,49,21,87,38,0,0,42
23.49,57.26,4192,2,79,0,1.0,83.4,83.4,48,21,87,38,0,0,42
23.52,57.31,4195,2,78,0,1.0,83.2,83.2,47,21,87,38,0,0,42
23.55,57.35,4198,2,77,0,1.0,82.7,82.7,46,20,87,37,0,0,42
23.58,57.37,4200,2,75,0,1.0,82.1,82.1,44,19,87,37,0,0,42
23.61,57.19,4187,2,74,0,0.91,81.3,0.0,-119,0,67,0,0,17,29
23.64,57.23,4189,2,73,0,0.92,80.4,80.4,42,18,84,36,0,16,43
23.67,57.27,4192,2,71,0,0.93,79.5,79.5,40,17,84,36,0,0,41
23.7,57.3,4194,2,70,0,0.94,78.5,78.5,38,16,84,35,0,0,41
23.73,57.33,4196,2,68,0,0.95,77.5,77.5,36,15,84,35,0,0,41
23.76,57.35,4198,2,67,0,0.95,76.5,76.5,33,14,84,34,0,0,41
23.79,57.37,4200,2,68,0,0.96,75.9,75.9,32,14,85,34,0,0,41
23.82,57.19,4187,2,70,0,0.87,75.8,0.0,-119,0,65,0,0,15,28
23.85,57.22,4189,2,71,0,0.89,76.0,76.0,34,14,82,34,0,15,42
23.88,57.25,4191,2,73,0,0.9,76.4,76.4,34,15,83,34,0,0,40
23.91,57.27,4193,2,74,0,0.91,77.0,77.0,35,15,83,35,0,0,40
23.94,57.3,4195,2,73,0,0.92,77.2,77.2,35,15,84,35,0,0,40
23.97,57.33,4197,2,71,0,0.93,77.0,77.0,35,15,84,35,0,0,40
24.0,57.35,4198,2,70,0,0.94,76.7,76.7,34,15,84,34,0,0,40
24.03,57.37,4200,2,68,0,0.95,76.1,76.1,32,14,84,34,0,0,40
24.06,57.19,4187,2,70,0,0.86,75.9,0.0,-119,0,65,0,0,15,28
24.09,57.22,4189,2,71,0,0.88,76.1,76.1,34,14,82,34,0,15,42
24.12,57.25,4191,2,73,0,0.9,76.5,76.5,34,15,83,35,0,0,40
24.15,57.27,4193,2,74,0,0.91,77.1,77.1,35,15,83,35,0,0,40
24.18,57.3,4195,2,75,0,0.92,77.8,77.8,36,16,84,35,0,0,40
24.21,57.33,4197,2,77,0,0.93,78.6,78.6,38,16,84,35,0,0,41
24.24,57.31,4200,0,78,0,0.94,79.5,79.5,39,17,85,0,0,0,34
24.27,57.29,4123,0,79,0,0.85,80.4,0.0,-119,0,64,0,0,16,28
24.3,57.26,4157,0,81,0,0.87,81.4,81.4,52,22,83,0,0,17,36
24.33,57.24,4189,0,82,0,0.89,82.5,82.5,50,22,84,0,0,0,33
24.36,57.21,4200,0,81,0,0.9,83.0,83.0,47,20,84,0,0,0,34
24.39,57.19,4123,0,79,0,0.82,83.1,0.0,-119,0,63,0,0,17,27
24.42,57.16,4159,0,78,0,0.84,82.9,82.9,55,23,82,0,0,17,35
24.45,57.14,4191,0,77,0,0.86,82.5,82.5,50,21,83,0,0,1,33
24.48,57.11,4200,0,75,0,0.88,81.9,81.9,45,19,83,0,0,1,33
24.51,57.09,4123,0,74,0,0.8,81.2,0.0,-119,0,62,0,0,17,27
24.54,57.06,4155,0,73,0,0.82,80.4,80.4,50,21,81,0,0,17,35
24.57,57.04,4184,0,71,0,0.84,79.5,79.5,44,19,82,0,0,1,33
24.6,57.19,4094,3,70,0,0.86,78.5,78.5,39,17,80,22,100,1,61
24.63,57.5,3895,3,68,0,0.88,77.5,77.5,47,20,78,22,100,1,61
24.66,57.99,3594,3,67,0,0.89,76.4,76.4,67,27,74,24,71,1,53
24.69,58.64,3198,3,66,0,0.91,75.4,75.4,97,36,71,27,39,2,44
24.72,59.47,2702,3,64,0,0.91,74.3,74.3,121,40,66,29,13,1,36
24.75,59.99,2706,3,63,0,0.92,73.2,73.2,132,37,66,28,0,0,32
24.78,60.08,2711,3,62,0,0.93,72.0,72.0,128,36,66,28,0,0,32
24.81,60.17,2715,3,60,0,0.93,70.9,70.9,125,35,66,27,0,0,32
24.84,60.26,2718,3,59,0,0.94,69.7,69.7,122,34,65,27,0,0,31
24.87,60.34,2722,3,58,0,0.95,68.5,68.5,118,33,65,26,0,1,31
24.9,60.42,2726,3,56,0,0.95,67.4,67.4,115,32,65,26,0,1,31
24.93,60.5,2729,3,58,0,0.95,66.8,66.8,113,32,65,26,0,0,31
24.96,60.58,2733,3,59,0,0.96,66.6,66.6,112,32,65,26,0,0,31
24.99,60.66,2737,3,60,0,0.96,66.7,66.7,113,32,65,26,0,0,31
25.02,60.74,2740,3,62,0,0.96,67.1,67.1,114,32,66,26,0,0,31
25.05,60.82,2744,3,63,0,0.97,67.7,67.7,115,33,66,26,0,0,32
25.08,60.9,2748,3,64,0,0.97,68.5,68.5,117,33,66,26,0,0,32
25.11,60.99,2751,3,66,0,0.97,69.3,69.3,120,34,67,27,0,0,32
25.14,61.08,2755,3,67,0,0.98,70.2,70.2,122,35,67,27,0,0,32
25.17,61.16,2759,3,68,0,0.98,71.2,71.2,125,36,67,27,0,0,32
25.2,61.26,2763,3,70,0,0.98,72.2,72.2,127,36,68,28,0,0,33
25.23,61.35,2768,3,71,0,0.98,73.3,73.3,130,37,68,28,0,0,33
25.26,61.45,2772,3,73,0,0.98,74.4,74.4,133,38,69,29,0,0,33
25.29,61.55,2776,3,74,0,0.98,75.4,75.4,136,39,69,29,0,0,33
25.32,61.65,2781,3,75,0,0.99,76.6,76.6,139,40,70,30,0,0,34
25.35,61.75,2786,3,77,0,0.99,77.7,77.7,142,41,70,30,0,0,34
25.38,61.86,2791,3,78,0,0.99,78.8,78.8,145,42,70,30,0,0,34
25.41,61.97,2796,3,79,0,0.99,79.9,79.9,148,43,71,31,0,0,34
25.44,62.08,2801,3,81,0,0.99,81.0,81.0,151,44,71,31,0,0,35
25.47,62.2,2806,3,82,0,0.99,82.2,82.2,154,45,72,32,0,0,35
25.5,62.31,2811,3,83,0,0.99,83.3,83.3,157,46,72,32,0,0,35
25.53,62.43,2817,3,85,0,0.99,84.4,84.4,160,47,73,33,0,0,36
25.56,62.55,2822,3,83,0,0.99,85.0,85.0,162,47,73,33,0,0,36
25.59,62.68,2827,3,82,0,0.99,85.2,85.2,162,48,73,33,0,0,36
25.62,62.8,2833,3,81,0,0.99,85.0,85.0,161,47,73,33,0,0,36
25.65,62.92,2838,3,79,0,0.99,84.6,84.6,160,47,73,33,0,0,36
25.68,63.04,2844,3,78,0,1.0,84.1,84.1,158,47,73,33,0,0,36
25.71,63.15,2849,3,79,0,1.0,83.9,83.9,158,47,73,32,0,0,36
25.74,63.27,2854,3,81,0,1.0,84.1,84.1,158,47,73,33,0,0,36
25.77,63.39,2860,3,82,0,1.0,84.5,84.5,159,47,73,33,0,0,36
25.8,63.51,2865,3,83,0,1.0,85.0,85.0,161,48,74,33,0,0,36
25.83,63.63,2871,3,85,0,1.0,85.7,85.7,162,48,74,33,0,0,36
25.86,63.76,2876,3,86,0,1.0,86.5,86.5,164,49,74,34,0,0,36
25.89,63.88,2882,3,87,0,1.0,87.4,87.4,167,50,74,34,0,0,37
25.92,64.01,2888,3,89,0,1.0,88.3,88.3,169,51,75,34,0,0,37
25.95,64.14,2894,3,90,0,1.0,89.3,89.3,172,52,75,35,0,0,37
25.98,64.27,2899,3,91,0,1.0,90.3,90.3,174,52,76,35,0,0,37
26.01,64.41,2906,3,93,0,1.0,91.3,91.3,177,53,76,35,0,0,37
26.04,64.54,2912,3,94,0,1.0,92.4,92.4,180,54,76,36,0,0,38
26.07,64.68,2918,3,93,0,1.0,92.9,92.9,181,55,77,36,0,0,38
26.1,64.82,2924,3,91,0,1.0,93.0,93.0,181,55,77,36,0,0,38
26.13,64.96,2930,3,90,0,1.0,92.9,92.9,181,55,77,36,0,0,38
26.16,65.1,2937,3,91,0,1.0,93.0,93.0,181,55,77,36,0,0,38
26.19,65.23,2943,3,93,0,1.0,93.4,93.4,182,56,77,36,0,0,38
26.22,65.37,2949,3,94,0,1.0,93.9,93.9,183,56,77,36,0,0,38
26.25,65.51,2956,3,95,0,1.0,94.6,94.6,185,57,78,37,0,0,38
26.28,65.66,2962,3,97,0,1.0,95.4,95.4,187,57,78,37,0,0,39
26.31,65.8,2968,3,95,0,1.0,95.7,95.7,188,58,78,37,0,0,39
26.34,65.94,2975,3,94,0,1.0,95.7,95.7,187,58,78,37,0,0,39
26.37,66.09,2981,3,93,0,1.0,95.4,95.4,186,58,78,37,0,0,39
26.4,66.23,2988,3,91,0,1.0,95.0,95.0,185,57,78,37,0,0,39
26.43,66.37,2994,3,93,0,1.0,94.9,94.9,184,57,78,37,0,0,39
26.46,66.51,3000,3,94,0,1.0,95.1,95.1,185,58,78,37,0,0,39
26.49,66.65,3007,3,95,0,1.0,95.5,95.5,186,58,79,37,0,0,39
26.52,66.79,3013,3,97,0,1.0,96.0,96.0,187,59,79,37,0,0,39
26.55,66.94,3020,3,98,0,1.0,96.7,96.7,189,59,79,38,0,0,39
26.58,67.08,3026,3,97,0,1.0,97.0,97.0,189,60,79,38,0,0,39
26.61,67.23,3033,3,95,0,1.0,96.9,96.9,189,60,79,38,0,0,39
26.64,67.37,3039,3,94,0,1.0,96.6,96.6,188,59,79,37,0,0,39
26.67,67.51,3046,3,93,0,1.0,96.1,96.1,187,59,79,37,0,0,39
26.7,67.65,3052,3,91,0,1.0,95.5,95.5,185,59,79,37,0,0,39
26.73,67.79,3058,3,90,0,1.0,94.7,94.7,182,58,79,37,0,0,39
26.76,67.93,3064,3,89,0,1.0,93.9,93.9,180,57,79,36,0,0,39
26.79,68.06,3070,3,90,0,1.0,93.5,93.5,179,57,79,36,0,0,39
26.82,68.2,3077,3,91,0,1.0,93.5,93.5,178,57,79,36,0,0,39
26.85,68.33,3083,3,93,0,1.0,93.8,93.8,179,57,79,36,0,0,39
26.88,68.47,3089,3,94,0,1.0,94.2,94.2,180,58,79,37,0,0,39
26.91,68.6,3095,3,95,0,1.0,94.8,94.8,181,58,80,37,0,0,39
26.94,68.74,3101,3,97,0,1.0,95.6,95.6,183,59,80,37,0,0,39
26.97,68.88,3108,3,98,0,1.0,96.4,96.4,185,60,80,37,0,0,40
27.0,69.03,3114,3,100,0,1.0,97.2,97.2,188,61,81,38,0,0,40
27.03,69.17,3120,3,100,0,1.0,97.9,97.9,189,61,81,38,0,0,40
27.06,69.32,3127,3,100,0,1.0,98.4,98.4,191,62,81,38,0,0,40
27.09,69.46,3134,3,98,0,1.0,98.5,98.5,191,62,81,38,0,0,40
27.12,69.6,3140,3,97,0,1.0,98.4,98.4,190,62,81,38,0,0,40
27.15,69.75,3147,3,95,0,1.0,98.0,98.0,189,62,81,38,0,0,40
27.18,69.89,3153,3,94,0,1.0,97.4,97.4,187,61,81,38,0,0,40
27.21,70.03,3159,3,93,0,1.0,96.7,96.7,185,61,81,38,0,0,40
27.24,70.17,3165,3,91,0,1.0,96.0,96.0,183,60,81,37,0,0,40
27.27,70.3,3172,3,93,0,1.0,95.6,95.6,181,60,81,37,0,0,40
27.3,70.44,3178,3,94,0,1.0,95.6,95.6,181,60,81,37,0,0,40
27.33,70.58,3184,3,95,0,1.0,95.9,95.9,182,60,81,37,0,0,40
27.36,70.72,3190,3,97,0,1.0,96.4,96.4,183,61,81,37,0,0,40
27.39,70.85,3196,3,98,0,1.0,97.0,97.0,184,61,82,38,0,0,40
27.42,71.0,3203,3,100,0,1.0,97.7,97.7,186,62,82,38,0,0,40
27.45,71.14,3209,3,100,0,1.0,98.3,98.3,188,63,82,38,0,0,40
27.48,71.28,3216,3,100,0,1.0,98.7,98.7,189,63,83,38,0,0,40
27.51,71.42,3222,3,100,0,1.0,99.0,99.0,189,63,83,38,0,0,41
27.54,71.57,3229,3,98,0,1.0,99.0,99.0,189,63,83,38,0,0,41
27.57,71.71,3235,3,97,0,1.0,98.7,98.7,188,63,83,38,0,0,41
27.6,71.85,3241,3,95,0,1.0,98.2,98.2,187,63,83,38,0,0,41
27.63,71.99,3248,3,94,0,1.0,97.6,97.6,185,62,83,38,0,0,41
27.66,72.13,3254,3,95,0,1.0,97.4,97.4,184,62,83,38,0,0,41
27.69,72.27,3260,3,97,0,1.0,97.5,97.5,184,62,83,38,0,0,41
27.72,72.4,3266,3,98,0,1.0,97.8,97.8,185,63,83,38,0,0,41
27.75,72.54,3273,3,100,0,1.0,98.4,98.4,186,63,83,38,0,0,41
27.78,72.68,3279,3,98,0,1.0,98.5,98.5,186,64,83,38,0,0,41
27.81,72.82,3285,3,97,0,1.0,98.3,98.3,186,63,83,38,0,0,41
27.84,72.96,3292,3,95,0,1.0,98.0,98.0,184,63,83,38,0,0,41
27.87,73.1,3298,3,94,0,1.0,97.4,97.4,183,63,83,38,0,0,41
27.9,73.24,3304,3,95,0,1.0,97.2,97.2,182,63,83,38,0,0,41
27.93,73.37,3310,3,97,0,1.0,97.4,97.4,182,63,84,38,0,0,41
27.96,73.51,3316,3,98,0,1.0,97.8,97.8,183,63,84,38,0,0,41
27.99,73.65,3323,3,100,0,1.0,98.3,98.3,184,64,84,38,0,0,41
28.02,73.79,3329,3,98,0,1.0,98.4,98.4,185,64,84,38,0,0,41
28.05,73.92,3335,3,97,0,1.0,98.3,98.3,184,64,84,38,0,0,41
28.08,74.06,3341,3,95,0,1.0,97.9,97.9,183,64,84,38,0,0,41
28.11,74.19,3347,3,94,0,1.0,97.4,97.4,181,63,84,38,0,0,41
28.14,74.33,3353,3,95,0,1.0,97.2,97.2,180,63,84,38,0,0,41
28.17,74.46,3359,3,97,0,1.0,97.4,97.4,181,63,84,38,0,0,41
28.2,74.6,3365,3,98,0,1.0,97.7,97.7,182,64,85,38,0,0,41
28.23,74.74,3372,3,100,0,1.0,98.3,98.3,183,64,85,38,0,0,41
28.26,74.87,3378,3,100,0,1.0,98.7,98.7,184,65,85,38,0,0,41
28.29,75.01,3384,3,98,0,1.0,98.8,98.8,184,65,85,38,0,0,42
28.32,75.15,3390,3,97,0,1.0,98.5,98.5,183,65,85,38,0,0,42
28.35,75.28,3396,3,95,0,1.0,98.1,98.1,182,64,85,38,0,0,42
28.38,75.42,3402,3,94,0,1.0,97.5,97.5,180,64,85,38,0,0,41
28.41,75.55,3408,3,95,0,1.0,97.3,97.3,179,63,85,38,0,0,41
28.44,75.68,3414,3,97,0,1.0,97.5,97.5,178,63,85,38,0,0,41
28.47,75.81,3420,3,98,0,1.0,97.8,97.8,179,64,85,38,0,0,42
28.5,75.95,3426,3,100,0,1.0,98.3,98.3,179,64,85,38,0,0,42
28.53,76.08,3432,3,100,0,1.0,98.7,98.7,180,64,86,38,0,0,42
28.56,76.21,3438,3,100,0,1.0,99.0,99.0,180,64,86,38,0,0,42
28.59,76.34,3444,3,100,0,1.0,99.3,99.3,179,64,86,38,0,0,42
28.62,76.48,3450,3,100,0,1.0,99.4,99.4,179,64,86,38,0,0,42
28.65,76.61,3456,3,100,0,1.0,99.6,99.6,179,64,86,38,0,0,42
28.68,76.74,3462,3,100,0,1.0,99.7,99.7,178,64,86,38,0,0,42
28.71,76.87,3468,3,100,0,1.0,99.8,99.8,178,64,86,38,0,0,42
28.74,77.0,3474,3,100,0,1.0,99.8,99.8,177,64,86,38,0,0,42
28.77,77.13,3480,3,100,0,1.0,99.9,99.9,176,64,86,38,0,0,42
28.8,77.26,3486,3,100,0,1.0,99.9,99.9,176,64,86,38,0,0,42
28.83,77.39,3491,3,100,0,1.0,99.9,99.9,175,64,86,38,0,0,42
28.86,77.52,3497,3,98,0,1.0,99.7,99.7,174,63,86,37,0,0,42
28.89,77.64,3503,3,97,0,1.0,99.2,99.2,172,63,86,37,0,0,42
28.92,77.77,3508,3,95,0,1.0,98.6,98.6,169,62,86,37,0,0,42
28.95,77.89,3514,3,94,0,1.0,97.9,97.9,167,61,86,36,0,0,42
28.98,78.01,3519,3,93,0,1.0,97.1,97.1,164,60,86,36,0,0,41
29.01,78.12,3524,3,91,0,1.0,96.2,96.2,161,59,85,36,0,0,41
29.04,78.24,3530,3,90,0,1.0,95.3,95.3,158,58,85,35,0,0,41
29.07,78.35,3535,3,91,0,1.0,94.9,94.9,156,57,85,35,0,0,41
29.1,78.46,3540,3,93,0,1.0,94.8,94.8,155,57,85,35,0,0,41
29.13,78.57,3545,3,94,0,1.0,95.0,95.0,155,57,85,35,0,0,41
29.16,78.68,3550,3,95,0,1.0,95.4,95.4,155,57,85,35,0,0,41
29.19,78.79,3555,3,97,0,1.0,96.0,96.0,156,58,85,35,0,0,41
29.22,78.9,3560,3,98,0,1.0,96.7,96.7,158,58,86,35,0,0,41
29.25,79.02,3565,3,100,0,1.0,97.5,97.5,159,59,86,36,0,0,41
29.28,79.13,3570,3,98,0,1.0,97.8,97.8,159,59,86,36,0,0,41
29.31,79.24,3575,3,97,0,1.0,97.8,97.8,159,59,86,36,0,0,41
29.34,79.36,3580,3,95,0,1.0,97.6,97.6,157,59,86,35,0,0,41
29.37,79.47,3585,3,94,0,1.0,97.1,97.1,155,58,86,35,0,0,41
29.4,79.58,3590,3,93,0,1.0,96.5,96.5,153,57,86,35,0,0,41
29.43,79.68,3595,3,94,0,1.0,96.3,96.3,152,57,86,35,0,0,41
29.46,79.79,3600,3,95,0,1.0,96.4,96.4,152,57,86,35,0,0,41
29.49,79.9,3605,3,97,0,1.0,96.8,96.8,152,57,86,35,0,0,41
29.52,80.01,3609,3,98,0,1.0,97.3,97.3,153,57,86,35,0,0,41
29.55,80.11,3614,3,100,0,1.0,97.9,97.9,154,58,86,35,0,0,41
29.58,80.22,3619,3,100,0,1.0,98.4,98.4,154,58,86,35,0,0,41
29.61,80.33,3624,3,100,0,1.0,98.8,98.8,155,58,87,35,0,0,42
29.64,80.44,3629,3,100,0,1.0,99.1,99.1,155,58,87,35,0,0,42
29.67,80.55,3634,3,100,0,1.0,99.3,99.3,155,58,87,35,0,0,42
29.7,80.66,3639,3,100,0,1.0,99.5,99.5,154,58,87,35,0,0,42
29.73,80.77,3644,3,100,0,1.0,99.6,99.6,154,58,87,35,0,0,42
29.76,80.88,3649,3,100,0,1.0,99.7,99.7,154,58,87,35,0,0,42
29.79,80.99,3654,3,98,0,1.0,99.5,99.5,153,58,87,35,0,0,42
29.82,81.09,3658,3,97,0,1.0,99.1,99.1,151,57,87,35,0,0,42
29.85,81.2,3663,3,95,0,1.0,98.5,98.5,149,57,87,35,0,0,42
29.88,81.3,3668,3,94,0,1.0,97.9,97.9,146,56,87,34,0,0,41
29.91,81.4,3672,3,93,0,1.0,97.1,97.1,144,55,86,34,0,0,41
29.94,81.49,3677,3,91,0,1.0,96.2,96.2,141,54,86,34,0,0,41
29.97,81.46,3765,0,90,0,1.0,95.3,95.3,138,53,87,0,0,0,35
30.0,81.43,3845,0,89,0,1.0,94.3,94.3,125,49,88,0,0,1,35
30.03,81.39,3916,0,87,0,1.0,93.3,93.3,112,45,88,0,0,1,35
30.06,81.36,3981,0,86,0,1.0,92.3,92.3,101,41,88,0,0,1,35
30.09,81.33,4038,0,85,0,1.0,91.3,91.3,90,37,88,0,0,1,35
30.12,81.29,4090,0,83,0,1.0,90.2,90.2,81,34,88,0,0,1,35
30.15,81.26,4136,0,82,0,1.0,89.1,89.1,72,31,88,0,0,1,35
30.18,81.23,4177,0,81,0,1.0,88.0,88.0,64,27,89,0,0,1,35
30.21,81.19,4200,0,79,0,1.0,86.9,86.9,57,25,88,0,0,1,35
30.24,81.16,4123,0,78,0,0.91,85.8,0.0,-119,0,65,0,0,18,29
30.27,81.13,4162,0,79,0,0.92,85.3,85.3,60,26,85,0,0,18,37
30.3,81.09,4197,0,81,0,0.93,85.1,85.1,55,24,86,0,0,1,34
30.33,81.18,4115,4,82,0,0.94,85.2,85.2,51,22,84,16,100,0,62
30.36,81.38,3925,4,83,0,0.95,85.6,85.6,62,26,82,17,100,1,61
30.39,81.7,3636,4,85,0,0.95,86.2,86.2,86,35,79,19,75,2,54
30.42,82.14,3256,4,86,0,0.96,86.9,86.9,122,46,76,21,42,3,46
30.45,82.7,2783,4,87,0,0.96,87.7,87.7,156,53,72,23,16,2,38
30.48,83.28,2305,4,89,0,0.97,88.5,88.5,172,50,67,24,1,0,32
30.51,82.45,3188,4,90,0,0.97,89.5,89.5,188,45,78,24,0,0,36
30.54,83.14,2599,4,91,0,0.97,90.4,90.4,166,55,71,24,5,0,35
30.57,82.83,2602,4,93,0,0.97,91.4,91.4,185,50,71,25,0,0,33
30.6,82.92,2605,4,94,0,0.98,92.4,92.4,188,51,72,25,0,0,34
30.63,83.01,2608,4,95,0,0.98,93.5,93.5,191,52,72,25,0,0,34
30.66,83.11,2611,4,94,0,0.98,94.0,94.0,193,52,73,25,0,0,34
30.69,83.2,2614,4,93,0,0.98,94.1,94.1,193,52,73,25,0,0,34
30.72,83.29,2617,4,91,0,0.98,94.0,94.0,192,52,73,25,0,0,34
30.75,83.39,2620,4,90,0,0.98,93.6,93.6,191,52,73,25,0,0,34
30.78,83.48,2622,4,89,0,0.99,93.0,93.0,189,52,73,25,0,0,34
30.81,83.57,2625,4,87,0,0.99,92.3,92.3,187,51,72,25,0,0,34
30.84,83.66,2628,4,89,0,0.99,92.1,92.1,187,51,72,25,0,0,34
30.87,83.75,2631,4,90,0,0.99,92.2,92.2,187,51,73,25,0,0,34
30.9,83.84,2634,4,91,0,0.99,92.5,92.5,188,51,73,25,0,0,34
30.93,83.93,2637,4,93,0,0.99,93.0,93.0,189,52,73,25,0,0,34
30.96,84.02,2639,4,94,0,0.99,93.6,93.6,191,52,73,25,0,0,34
30.99,84.11,2642,4,93,0,0.99,93.8,93.8,191,53,73,25,0,0,34
31.02,84.2,2645,4,91,0,0.99,93.8,93.8,191,52,73,25,0,0,34
31.05,84.29,2648,4,90,0,0.99,93.4,93.4,190,52,73,25,0,0,34
31.08,84.38,2651,4,91,0,0.99,93.4,93.4,190,52,73,25,0,0,34
31.11,84.47,2654,4,93,0,0.99,93.7,93.7,191,53,73,25,0,0,34
31.14,84.57,2657,4,94,0,0.99,94.2,94.2,192,53,74,25,0,0,34
31.17,84.66,2660,4,95,0,1.0,94.8,94.8,193,53,74,25,0,0,35
31.2,84.75,2663,4,97,0,1.0,95.5,95.5,195,54,74,26,0,0,35
31.23,84.85,2666,4,98,0,1.0,96.3,96.3,198,55,74,26,0,0,35
31.26,84.95,2669,4,97,0,1.0,96.7,96.7,199,55,75,26,0,0,35
31.29,85.04,2672,4,95,0,1.0,96.7,96.7,198,55,75,26,0,0,35
31.32,85.14,2675,4,94,0,1.0,96.5,96.5,198,55,75,26,0,0,35
31.35,85.23,2678,4,95,0,1.0,96.5,96.5,198,55,75,26,0,0,35
31.38,85.33,2681,4,97,0,1.0,96.8,96.8,199,55,75,26,0,0,35
31.41,85.43,2684,4,98,0,1.0,97.3,97.3,200,56,75,26,0,0,35
31.44,85.53,2687,4,100,0,1.0,98.0,98.0,202,56,75,26,0,0,35
31.47,85.62,2690,4,100,0,1.0,98.5,98.5,203,57,75,26,0,0,35
31.5,85.72,2693,4,100,0,1.0,98.8,98.8,204,57,76,27,0,0,35
31.53,85.82,2696,4,98,0,1.0,98.9,98.9,204,57,76,27,0,0,35
31.56,85.92,2699,4,97,0,1.0,98.6,98.6,203,57,76,26,0,0,35
31.59,86.02,2702,4,95,0,1.0,98.2,98.2,202,57,75,26,0,0,35
31.62,86.12,2705,4,97,0,1.0,98.1,98.1,201,57,75,26,0,0,35
31.65,86.22,2708,4,98,0,1.0,98.3,98.3,202,57,76,26,0,0,35
31.68,86.31,2712,4,100,0,1.0,98.7,98.7,203,57,76,27,0,0,36
31.71,86.41,2715,4,100,0,1.0,99.0,99.0,204,58,76,27,0,0,35
31.74,86.51,2718,4,100,0,1.0,99.2,99.2,204,58,76,27,0,0,36
31.77,86.61,2721,4,100,0,1.0,99.4,99.4,205,58,76,27,0,0,36
31.8,86.71,2724,4,100,0,1.0,99.6,99.6,205,58,76,27,0,0,36
31.83,86.81,2727,4,100,0,1.0,99.7,99.7,205,58,76,27,0,0,36
31.86,86.91,2730,4,100,0,1.0,99.7,99.7,205,58,76,27,0,0,36
31.89,87.01,2733,4,100,0,1.0,99.8,99.8,205,58,76,27,0,0,36
31.92,87.11,2737,4,100,0,1.0,99.9,99.9,206,58,76,27,0,0,36
31.95,87.21,2740,4,100,0,1.0,99.9,99.9,206,59,76,27,0,0,36
31.98,87.31,2743,4,100,0,1.0,99.9,99.9,206,59,77,27,0,0,36
32.01,87.41,2746,4,100,0,1.0,99.9,99.9,205,59,77,27,0,0,36
32.04,87.51,2749,4,100,0,1.0,100.0,100.0,205,59,77,27,0,0,36
32.07,87.61,2752,4,100,0,1.0,100.0,100.0,205,59,77,27,0,0,36
32.1,87.71,2755,4,100,0,1.0,100.0,100.0,205,59,77,27,0,0,36
32.13,87.81,2759,4,100,0,1.0,100.0,100.0,205,59,77,27,0,0,36
32.16,87.91,2762,4,100,0,1.0,100.0,100.0,205,59,77,27,0,0,36
32.19,88.01,2765,4,100,0,1.0,100.0,100.0,205,59,77,27,0,0,36
32.22,88.11,2768,4,100,0,1.0,100.0,100.0,205,59,77,27,0,0,36
32.25,88.21,2771,4,100,0,1.0,100.0,100.0,205,59,77,27,0,0,36
32.28,88.31,2774,4,100,0,1.0,100.0,100.0,205,59,77,27,0,0,36
32.31,88.4,2777,4,100,0,1.0,100.0,100.0,205,59,77,27,0,0,36
32.34,88.5,2780,4,100,0,1.0,100.0,100.0,205,59,77,27,0,0,36
32.37,88.6,2783,4,98,0,1.0,99.7,99.7,204,59,77,27,0,0,36
32.4,88.7,2787,4,97,0,1.0,99.3,99.3,203,59,77,27,0,0,36
32.43,88.8,2790,4,95,0,1.0,98.7,98.7,201,58,77,27,0,0,36
32.46,88.89,2793,4,94,0,1.0,98.0,98.0,199,58,77,26,0,0,36
32.49,88.98,2795,4,95,0,1.0,97.7,97.7,198,57,77,26,0,0,36
32.52,89.08,2798,4,97,0,1.0,97.7,97.7,198,58,77,26,0,0,36
32.55,89.17,2801,4,98,0,1.0,98.0,98.0,199,58,77,26,0,0,36
32.58,89.27,2804,4,100,0,1.0,98.5,98.5,200,58,77,26,0,0,36
32.61,89.36,2807,4,98,0,1.0,98.6,98.6,200,58,77,26,0,0,36
32.64,89.46,2810,4,97,0,1.0,98.4,98.4,199,58,77,26,0,0,36
32.67,89.55,2813,4,95,0,1.0,98.0,98.0,198,58,77,26,0,0,36
32.7,89.65,2816,4,94,0,1.0,97.4,97.4,197,58,77,26,0,0,36
32.73,89.74,2819,4,93,0,1.0,96.8,96.8,195,57,77,26,0,0,36
32.76,89.83,2822,4,94,0,1.0,96.5,96.5,194,57,77,26,0,0,36
32.79,89.92,2825,4,95,0,1.0,96.6,96.6,194,57,77,26,0,0,36
32.82,90.01,2828,4,97,0,1.0,96.9,96.9,195,57,77,26,0,0,36
32.85,90.11,2831,4,98,0,1.0,97.4,97.4,196,58,77,26,0,0,36
32.88,90.2,2834,4,100,0,1.0,98.0,98.0,198,58,77,26,0,0,36
32.91,90.29,2837,4,100,0,1.0,98.5,98.5,199,59,77,26,0,0,36
32.94,90.39,2840,4,100,0,1.0,98.8,98.8,200,59,77,27,0,0,36
32.97,90.48,2843,4,100,0,1.0,99.1,99.1,201,59,78,27,0,0,36
33.0,90.58,2846,4,100,0,1.0,99.3,99.3,201,60,78,27,0,0,36
33.03,90.68,2849,4,100,0,1.0,99.5,99.5,201,60,78,27,0,0,36
33.06,90.77,2852,4,98,0,1.0,99.4,99.4,201,60,78,27,0,0,36
33.09,90.87,2855,4,97,0,1.0,99.0,99.0,200,59,78,27,0,0,36
33.12,90.95,2857,4,95,2,1.0,98.5,98.5,198,59,78,26,0,1,36
33.15,91.02,2859,4,94,5,1.0,97.8,97.8,196,58,77,26,0,2,36
33.18,91.07,2861,4,93,8,1.0,97.0,97.0,194,58,77,26,0,3,36
33.21,91.12,2862,4,91,10,1.0,96.2,96.2,192,57,77,26,0,4,36
33.24,91.15,2863,4,90,13,1.0,95.3,95.3,189,56,77,26,0,4,36
33.27,91.16,2864,4,89,16,1.0,94.3,94.3,186,56,76,25,0,5,36
33.3,91.16,2864,4,87,18,1.0,93.3,93.3,184,55,76,25,0,6,36
33.33,91.15,2864,4,86,21,1.0,92.3,92.3,181,54,76,25,0,7,36
33.36,91.13,2863,4,85,24,1.0,91.3,91.3,178,53,75,24,0,8,36
33.39,91.09,2862,4,83,26,1.0,90.2,90.2,175,52,75,24,0,9,36
33.42,91.04,2860,4,82,29,1.0,89.1,89.1,172,51,75,24,0,9,36
33.45,90.98,2858,4,81,32,1.0,88.0,88.0,169,50,74,24,0,10,36
33.48,90.9,2856,4,79,35,1.0,86.9,86.9,166,49,74,23,0,11,36
33.51,90.81,2853,4,78,37,1.0,85.8,85.8,163,48,74,23,0,12,36
33.54,90.7,2849,4,77,40,1.0,84.7,84.7,160,47,73,23,0,13,36
33.57,90.58,2846,4,75,43,1.0,83.6,83.6,157,46,73,22,0,13,36
33.6,90.45,2842,4,74,45,1.0,82.5,82.5,154,45,73,22,0,14,35
33.63,90.31,2837,4,73,48,1.0,81.3,81.3,151,45,72,22,0,15,35
33.66,90.15,2832,4,71,51,1.0,80.2,80.2,148,44,72,21,0,16,35
33.69,89.97,2827,4,70,54,1.0,79.1,79.1,145,43,71,21,0,17,35
33.72,89.79,2821,4,68,56,1.0,77.9,77.9,142,42,71,21,0,18,35
33.75,89.59,2814,4,67,59,1.0,76.8,76.8,139,41,71,21,0,18,35
33.78,89.38,2808,4,66,62,1.0,75.6,75.6,135,40,70,20,0,19,35
33.81,89.02,2892,0,64,64,1.0,74.5,74.5,132,39,71,0,0,20,31
33.84,88.65,2973,0,63,67,1.0,73.3,73.3,127,38,72,0,0,21,32
33.87,88.27,3051,0,62,70,1.0,72.1,72.1,121,37,72,0,0,22,32
33.9,87.87,3125,0,60,72,1.0,71.0,71.0,116,37,73,0,0,22,32
33.93,87.46,3195,0,59,75,1.0,69.8,69.8,110,36,74,0,0,23,33
33.96,87.04,3262,0,58,78,1.0,68.6,68.6,105,35,74,0,0,24,33
33.99,86.6,3326,0,56,81,1.0,67.4,67.4,100,34,75,0,0,25,33
34.02,86.15,3386,0,55,83,1.0,66.2,66.2,94,33,75,0,0,26,34
34.05,85.69,3443,0,54,86,1.0,65.0,65.0,89,31,76,0,0,26,34
34.08,85.21,3495,0,52,89,1.0,63.8,63.8,81,29,76,0,0,28,34
34.11,84.73,3542,0,51,91,1.0,62.6,62.6,73,26,76,0,0,28,34
34.14,84.22,3584,0,50,94,1.0,61.4,61.4,65,24,76,0,0,29,35
34.17,83.73,3621,0,48,92,1.0,60.2,60.2,58,22,76,0,0,28,34
34.2,83.25,3654,0,47,90,1.0,58.9,58.9,52,19,76,0,0,28,34
34.23,82.78,3684,0,46,88,1.0,57.7,57.7,45,17,76,0,0,27,34
34.26,82.32,3709,0,44,86,1.0,56.4,56.4,40,15,76,0,0,26,34
34.29,81.88,3731,0,43,84,1.0,55.2,55.2,34,13,76,0,0,26,34
34.32,81.44,3750,0,41,81,1.0,53.9,53.9,29,11,76,0,0,25,34
34.35,81.01,3766,0,40,79,1.0,52.7,52.7,24,9,75,0,0,25,34
34.38,80.59,3779,0,39,77,1.0,51.4,51.4,20,8,75,0,0,24,33
34.41,80.19,3789,0,37,75,1.0,50.1,50.1,16,6,75,0,0,23,33
34.44,79.79,3797,0,36,73,1.0,48.8,48.8,12,4,75,0,0,23,33
34.47,79.41,3803,0,35,71,1.0,47.5,47.5,8,3,75,0,0,22,33
34.5,79.03,3806,0,33,69,1.0,46.2,46.2,5,1,74,0,0,21,33
34.53,78.67,3807,0,32,67,1.0,44.9,44.9,1,0,74,0,0,21,32
34.56,78.31,3806,0,31,65,1.0,43.6,43.6,-1,0,74,0,0,20,32
34.59,77.97,3803,0,29,63,1.0,42.3,42.3,-4,0,73,0,0,19,32
34.62,77.64,3798,0,28,60,1.0,40.9,40.9,-7,0,73,0,0,19,32
34.65,77.31,3791,0,27,58,1.0,39.6,39.6,-10,0,72,0,0,18,31
34.68,77.0,3783,0,25,56,1.0,38.2,38.2,-13,0,72,0,0,17,31
34.71,76.7,3772,0,24,54,1.0,36.8,36.8,-16,0,71,0,0,17,31
34.74,76.41,3760,0,23,52,1.0,35.4,35.4,-18,0,71,0,0,16,31
34.77,76.13,3747,0,21,50,1.0,34.0,34.0,-21,0,70,0,0,16,30
34.8,75.86,3731,0,20,48,0.99,32.6,32.6,-24,0,69,0,0,15,30
34.83,75.6,3714,0,19,46,0.97,31.2,31.2,-26,0,68,0,0,14,29
34.86,75.35,3696,0,17,44,0.95,29.7,29.7,-29,0,67,0,0,14,29
34.89,75.11,3676,0,16,42,0.93,28.2,28.2,-31,0,66,0,0,13,28
34.92,74.89,3654,0,14,39,0.9,26.7,26.7,-34,0,64,0,0,12,27
34.95,74.65,3631,0,13,42,0.87,25.2,25.2,-36,0,62,0,0,13,27
34.98,74.39,3605,0,12,45,0.84,23.7,23.7,-39,0,61,0,0,14,26
35.01,74.12,3579,0,10,48,0.8,22.1,22.1,-41,0,59,0,0,15,26
35.04,73.84,3550,0,9,50,0.76,20.5,20.5,-44,0,57,0,0,16,25
35.07,73.55,3520,0,8,53,0.72,18.9,18.9,-47,0,55,0,0,17,24
35.1,73.24,3488,0,6,56,0.68,17.3,17.3,-50,0,52,0,0,17,23
35.13,72.92,3454,0,5,58,0.63,15.6,15.6,-53,0,50,0,0,18,23
35.16,72.59,3418,0,4,61,0.58,13.8,13.8,-56,0,48,0,0,19,22
35.19,72.24,3380,0,2,64,0.53,12.0,12.0,-60,0,45,0,0,20,21
35.22,71.88,3339,0,1,66,0.49,10.1,10.1,-63,0,42,0,0,21,20
35.25,71.51,3296,0,0,69,0.44,8.2,8.2,-68,0,40,0,0,22,19
35.28,71.12,3250,0,0,72,0.4,6.6,6.6,-71,0,37,0,0,22,18
35.31,70.72,3203,0,0,75,0.37,5.3,5.3,-73,0,35,0,0,22,17
35.34,70.31,3155,0,0,77,0.33,4.2,4.2,-75,0,33,0,0,23,17
35.37,69.88,3107,0,0,80,0.3,3.4,3.4,-76,0,32,0,0,24,16
35.4,69.44,3058,0,0,83,0.28,2.7,2.7,-76,0,30,0,0,25,15
35.43,68.99,3010,0,0,85,0.25,2.2,2.2,-76,0,28,0,0,25,15
35.46,68.53,2961,0,0,88,0.23,1.8,1.8,-76,0,27,0,0,26,14
35.49,68.05,2913,0,0,91,0.21,1.4,1.4,-75,0,25,0,0,27,14
35.52,67.56,2865,0,0,93,0.19,1.1,1.1,-75,0,24,0,0,28,14
35.55,67.05,2817,0,0,96,0.17,0.9,0.9,-74,0,23,0,0,29,13
35.58,66.53,2770,0,0,99,0.16,0.7,0.7,-73,0,22,0,0,29,13
35.61,66.01,2724,0,0,100,0.14,0.6,0.6,-72,0,21,0,0,30,13
35.64,65.49,2678,0,0,100,0.13,0.5,0.5,-71,0,20,0,0,30,12
35.67,64.97,2633,0,0,100,0.12,0.4,0.4,-71,0,19,0,0,30,12
35.7,64.45,2588,0,0,100,0.11,0.3,0.3,-70,0,18,0,0,30,11
35.73,63.93,2544,0,0,100,0.1,0.2,0.2,-68,0,17,0,0,30,11
35.76,63.41,2501,0,0,100,0.09,0.2,0.2,-67,0,16,0,0,30,11
35.79,62.89,2458,0,0,100,0.08,0.2,0.2,-66,0,16,0,0,30,10
35.82,62.37,2416,0,0,100,0.07,0.1,0.1,-65,0,15,0,0,30,10
35.85,61.85,2375,0,0,100,0.07,0.1,0.1,-64,0,14,0,0,30,10
35.88,61.33,2334,0,0,100,0.06,0.1,0.1,-63,0,14,0,0,30,10
35.91,60.81,2294,0,0,100,0.06,0.1,0.1,-62,0,13,0,0,30,9
35.94,60.29,2255,0,0,100,0.05,0.1,0.1,-62,0,13,0,0,30,9
35.97,59.77,2216,0,0,100,0.05,0.0,0.0,-61,0,12,0,0,30,9
36.0,59.25,2178,0,0,100,0.04,0.0,0.0,-60,0,12,0,0,30,9
36.03,58.73,2140,0,0,100,0.04,0.0,0.0,-59,0,11,0,0,30,9
36.06,58.21,2103,0,0,100,0.03,0.0,0.0,-58,0,11,0,0,30,8
36.09,57.69,2066,0,0,100,0.03,0.0,0.0,-57,0,10,0,0,30,8
36.12,57.17,2030,0,0,100,0.03,0.0,0.0,-56,0,10,0,0,30,8
36.15,56.66,1995,0,0,100,0.03,0.0,0.0,-55,0,9,0,0,30,8
36.18,56.14,1960,0,0,100,0.02,0.0,0.0,-54,0,9,0,0,30,8
36.21,55.63,1925,0,0,97,0.02,0.0,0.0,-54,0,9,0,0,29,8
36.24,55.13,1891,0,0,95,0.02,0.0,0.0,-53,0,8,0,0,28,7
36.27,54.65,1858,0,0,93,0.02,0.0,0.0,-52,0,8,0,0,28,7
36.3,54.17,1825,0,0,91,0.02,0.0,0.0,-51,0,8,0,0,27,7
36.33,53.71,1792,0,0,89,0.01,0.0,0.0,-51,0,7,0,0,26,7
36.36,53.25,1760,0,0,87,0.01,0.0,0.0,-50,0,7,0,0,26,6
36.39,52.81,1728,0,0,85,0.01,0.0,0.0,-49,0,7,0,0,25,6
36.42,52.37,1697,0,0,83,0.01,0.0,0.0,-49,0,6,0,0,24,6
36.45,51.95,1666,0,0,81,0.01,0.0,0.0,-48,0,6,0,0,24,6
36.48,51.54,1636,0,0,79,0.01,0.0,0.0,-47,0,6,0,0,23,6
36.51,51.13,1606,0,0,76,0.01,0.0,0.0,-47,0,6,0,0,23,5
36.54,50.74,1576,0,0,74,0.01,0.0,0.0,-46,0,5,0,0,22,5
36.57,50.36,1547,0,0,72,0.01,0.0,0.0,-45,0,5,0,0,21,5
36.6,49.99,1518,0,0,70,0.01,0.0,0.0,-45,0,5,0,0,21,5
36.63,49.63,1490,0,0,68,0.01,0.0,0.0,-44,0,5,0,0,20,5
36.66,49.28,1462,0,0,66,0.01,0.0,0.0,-44,0,5,0,0,19,4
36.69,48.94,1434,0,0,64,0.0,0.0,0.0,-43,0,4,0,0,19,4
36.72,48.61,1407,0,0,62,0.0,0.0,0.0,-42,0,4,0,0,18,4
36.75,48.29,1380,0,0,60,0.0,0.0,0.0,-42,0,4,0,0,18,4
36.78,47.98,1353,0,0,58,0.0,0.0,0.0,-41,0,4,0,0,17,4
36.81,47.68,1327,0,0,55,0.0,0.0,0.0,-41,0,4,0,0,16,4
36.84,47.39,1301,0,0,53,0.0,0.0,0.0,-40,0,3,0,0,16,3
36.87,47.12,1275,0,0,51,0.0,0.0,0.0,-40,0,3,0,0,15,3
36.9,46.85,1250,0,0,49,0.0,0.0,0.0,-39,0,3,0,0,14,3
36.93,46.59,1225,0,0,47,0.0,0.0,0.0,-39,0,3,0,0,14,3
36.96,46.35,1200,0,0,45,0.0,0.0,0.0,-38,0,3,0,0,13,3
36.99,46.11,1176,0,0,43,0.0,0.0,0.0,-38,0,3,0,0,12,3
37.02,45.89,1151,0,0,41,0.0,0.0,0.0,-37,0,3,0,0,12,3
37.05,45.67,1128,0,0,39,0.0,0.0,0.0,-37,0,2,0,0,11,2
37.08,45.47,1104,0,0,37,0.0,0.0,0.0,-37,0,2,0,0,11,2
37.11,45.28,1081,0,0,34,0.0,0.0,0.0,-36,0,2,0,0,10,2
37.14,45.09,1058,0,0,32,0.0,0.0,0.0,-36,0,2,0,0,9,2
37.17,44.92,1035,0,0,30,0.0,0.0,0.0,-35,0,2,0,0,9,2
37.2,44.76,1012,0,0,28,0.0,0.0,0.0,-35,0,2,0,0,8,2
37.23,44.61,990,0,0,26,0.0,0.0,0.0,-35,0,2,0,0,7,2
37.26,44.46,968,0,0,24,0.0,0.0,0.0,-34,0,2,0,0,7,1
37.29,44.33,946,0,0,22,0.0,0.0,0.0,-34,0,2,0,0,6,1
37.32,44.21,925,0,0,20,0.0,0.0,0.0,-33,0,1,0,0,6,1
37.35,44.1,903,0,0,18,0.0,0.0,0.0,-33,0,1,0,0,5,1
37.38,44.0,882,0,0,16,0.0,0.0,0.0,-33,0,1,0,0,4,1
37.41,43.91,861,0,0,13,0.0,0.0,0.0,-32,0,1,0,0,4,1
37.44,43.83,841,0,0,11,0.0,0.0,0.0,-32,0,1,0,0,3,1
37.47,43.76,820,0,0,9,0.0,0.0,0.0,-32,0,1,0,0,2,1
37.5,43.71,800,0,0,7,0.0,0.0,0.0,-31,0,1,0,0,2,0
37.53,43.66,780,0,0,5,0.0,0.0,0.0,-31,0,1,0,0,1,0
37.56,43.62,760,0,0,3,0.0,0.0,0.0,-31,0,1,0,0,1,0
37.59,43.59,746,0,0,1,0.0,4.1,4.1,-22,0,2,0,0,1,1
37.62,43.57,750,0,0,0,0.0,18.5,18.5,5,0,5,0,0,2,2
37.65,43.55,749,0,0,0,0.0,15.0,15.0,-1,0,4,0,0,0,1
37.68,43.53,749,0,0,0,0.0,15.8,15.8,0,0,4,0,0,0,1
37.71,43.51,749,0,0,0,0.0,15.6,15.6,0,0,4,0,0,0,1
37.74,43.49,749,0,0,0,0.0,15.7,15.7,0,0,4,0,0,0,1
37.77,43.47,749,0,0,0,0.0,15.7,15.7,0,0,4,0,0,0,1
37.8,43.45,749,0,0,0,0.0,15.7,15.7,0,0,4,0,0,0,1
37.83,43.42,749,0,0,0,0.0,15.7,15.7,0,0,4,0,0,0,1
37.86,43.4,749,0,0,0,0.0,15.7,15.7,0,0,4,0,0,0,1
37.89,43.38,749,0,0,0,0.0,15.7,15.7,0,0,4,0,0,0,1
37.92,43.36,749,0,0,0,0.0,15.7,15.7,0,0,4,0,0,0,1
37.95,43.34,749,0,0,0,0.0,15.7,15.7,0,0,4,0,0,0,1
37.98,43.32,749,0,0,0,0.0,15.7,15.7,0,0,4,0,0,0,1
38.01,43.3,749,0,0,0,0.0,15.7,15.7,0,0,4,0,0,0,1
38.04,43.28,749,0,0,0,0.0,15.7,15.7,0,0,4,0,0,0,1
38.07,43.26,749,0,0,0,0.0,15.7,15.7,0,0,4,0,0,0,1
38.1,43.24,749,0,0,0,0.0,15.7,15.7,0,0,4,0,0,0,1
38.13,43.22,749,0,0,0,0.0,15.7,15.7,0,0,4,0,0,0,1
38.16,43.2,749,0,0,0,0.0,15.7,15.7,0,0,4,0,0,0,1
38.19,43.17,749,0,0,0,0.0,15.7,15.7,0,0,4,0,0,0,1
38.22,43.15,749,0,0,0,0.0,15.7,15.7,0,0,4,0,0,0,1
38.25,43.13,749,0,0,0,0.0,15.7,15.7,0,0,4,0,0,0,1
38.28,43.11,749,0,0,0,0.0,15.7,15.7,0,0,4,0,0,0,1
38.31,43.09,749,0,0,0,0.0,15.7,15.7,0,0,4,0,0,0,1
38.34,43.07,749,0,0,0,0.0,15.7,15.7,0,0,4,0,0,0,1
38.37,43.05,749,0,0,0,0.0,15.7,15.7,0,0,4,0,0,0,1
38.4,43.03,749,0,0,0,0.0,15.7,15.7,0,0,4,0,0,0,1
38.43,43.01,749,0,0,0,0.0,15.7,15.7,0,0,4,0,0,0,1
38.46,42.99,749,0,0,0,0.0,15.7,15.7,0,0,4,0,0,0,1
38.49,42.97,749,0,0,0,0.0,15.7,15.7,0,0,4,0,0,0,1
38.52,42.95,749,0,0,0,0.0,15.7,15.7,0,0,4,0,0,0,1
38.55,42.92,749,0,0,0,0.0,15.7,15.7,0,0,4,0,0,0,1
38.58,42.9,749,0,0,0,0.0,15.7,15.7,0,0,4,0,0,0,1
38.61,42.88,749,0,0,0,0.0,15.7,15.7,0,0,4,0,0,0,1
38.64,42.86,749,0,0,0,0.0,15.7,15.7,0,0,4,0,0,0,1
38.67,42.84,749,0,0,0,0.0,15.7,15.7,0,0,4,0,0,0,1
38.7,42.82,749,0,0,0,0.0,15.7,15.7,0,0,4,0,0,0,1
38.73,42.8,749,0,0,0,0.0,15.7,15.7,0,0,4,0,0,0,1
38.76,42.78,749,0,0,0,0.0,15.7,15.7,0,0,4,0,0,0,1
38.79,42.76,749,0,0,0,0.0,15.7,15.7,0,0,4,0,0,0,1
38.82,42.74,749,0,0,0,0.0,15.7,15.7,0,0,4,0,0,0,1
38.85,42.72,749,0,0,0,0.0,15.7,15.7,0,0,4,0,0,0,1
38.88,42.7,749,0,0,0,0.0,15.7,15.7,0,0,4,0,0,0,1
38.91,42.68,749,0,0,0,0.0,15.7,15.7,0,0,4,0,0,0,1
38.94,42.65,749,0,0,0,0.0,15.7,15.7,0,0,4,0,0,0,1
38.97,42.63,749,0,0,0,0.0,15.7,15.7,0,0,4,0,0,0,1
39.0,42.61,749,0,0,0,0.0,15.7,15.7,0,0,4,0,0,0,1
39.03,42.59,749,0,0,0,0.0,15.7,15.7,0,0,4,0,0,0,1
39.06,42.57,749,0,0,0,0.0,15.7,15.7,0,0,4,0,0,0,1
39.09,42.55,749,0,0,0,0.0,15.7,15.7,0,0,4,0,0,0,1
39.12,42.53,749,0,0,0,0.0,15.7,15.7,0,0,4,0,0,0,1
39.15,42.51,749,0,0,0,0.0,15.7,15.7,0,0,4,0,0,0,1
39.18,42.49,749,0,0,0,0.0,15.7,15.7,0,0,4,0,0,0,1
39.21,42.47,749,0,0,0,0.0,15.7,15.7,0,0,4,0,0,0,1
39.24,42.45,749,0,0,0,0.0,15.7,15.7,0,0,4,0,0,0,1
39.27,42.43,749,0,0,0,0.0,15.7,15.7,0,0,4,0,0,0,1
39.3,42.41,749,0,0,0,0.0,15.7,15.7,0,0,4,0,0,0,1
39.33,42.39,749,0,0,0,0.0,15.7,15.7,0,0,4,0,0,0,1
39.36,42.36,749,0,0,0,0.0,15.7,15.7,0,0,4,0,0,0,1
39.39,42.34,749,0,0,0,0.0,15.7,15.7,0,0,4,0,0,0,1
39.42,42.32,749,0,0,0,0.0,15.7,15.7,0,0,4,0,0,0,1
39.45,42.3,749,0,0,0,0.0,15.7,15.7,0,0,4,0,0,0,1
39.48,42.28,749,0,0,0,0.0,15.7,15.7,0,0,4,0,0,0,1
39.51,42.26,749,0,0,0,0.0,15.7,15.7,0,0,4,0,0,0,1
39.54,42.24,749,0,0,0,0.0,15.7,15.7,0,0,4,0,0,0,1
39.57,42.22,749,0,0,0,0.0,15.7,15.7,0,0,4,0,0,0,1
39.6,42.2,749,0,0,0,0.0,15.7,15.7,0,0,4,0,0,0,1
39.63,42.18,749,0,0,0,0.0,15.7,15.7,0,0,4,0,0,0,1
39.66,42.16,749,0,0,0,0.0,15.7,15.7,0,0,4,0,0,0,1
39.69,42.14,749,0,0,0,0.0,15.7,15.7,0,0,4,0,0,0,1
39.72,42.12,749,0,0,0,0.0,15.7,15.7,0,0,4,0,0,0,1
39.75,42.1,749,0,0,0,0.0,15.7,15.7,0,0,4,0,0,0,1
39.78,42.08,749,0,0,0,0.0,15.7,15.7,0,0,4,0,0,0,1
39.81,42.06,749,0,0,0,0.0,15.7,15.7,0,0,4,0,0,0,1
39.84,42.04,749,0,0,0,0.0,15.7,15.7,0,0,4,0,0,0,1
39.87,42.01,749,0,0,0,0.0,15.7,15.7,0,0,4,0,0,0,1
39.9,41.99,749,0,0,0,0.0,15.7,15.7,0,0,4,0,0,0,1
39.93,41.97,749,0,0,0,0.0,15.7,15.7,0,0,4,0,0,0,1
39.96,41.95,749,0,0,0,0.0,15.7,15.7,0,0,4,0,0,0,1
39.99,41.93,749,0,0,0,0.0,15.7,15.7,0,0,4,0,0,0,1
40.02,41.91,749,0,0,0,0.0,15.7,15.7,0,0,4,0,0,0,1
40.05,41.88,749,0,0,2,0.0,15.7,15.7,0,0,4,0,0,0,1
40.08,41.83,749,0,0,5,0.0,15.7,15.7,0,0,4,0,0,1,2
40.11,41.77,749,0,0,8,0.0,15.7,15.7,0,0,4,0,0,2,2
40.14,41.7,749,0,0,10,0.0,15.7,15.7,0,0,4,0,0,3,2
40.17,41.61,749,0,0,13,0.0,15.7,15.7,0,0,4,0,0,4,2
40.2,41.51,749,0,0,16,0.0,15.7,15.7,0,0,4,0,0,4,2
40.23,41.39,749,0,0,18,0.0,15.7,15.7,0,0,4,0,0,5,2
40.26,41.27,749,0,0,21,0.0,15.7,15.7,0,0,4,0,0,6,2
40.29,41.13,749,0,0,24,0.0,15.7,15.7,0,0,4,0,0,7,2
40.32,40.97,749,0,0,26,0.0,15.7,15.7,0,0,4,0,0,8,3
40.35,40.81,749,0,0,29,0.0,15.7,15.7,0,0,4,0,0,8,3
40.38,40.63,749,0,0,32,0.0,15.7,15.7,0,0,4,0,0,9,3
40.41,40.43,749,0,0,35,0.0,15.7,15.7,0,0,4,0,0,10,3
40.44,40.23,749,0,0,37,0.0,15.7,15.7,0,0,4,0,0,11,3
40.47,40.01,749,0,0,40,0.0,15.7,15.7,0,0,4,0,0,12,3
40.5,39.77,749,0,0,43,0.0,15.7,15.7,0,0,4,0,0,12,3
40.53,39.53,749,0,0,45,0.0,15.7,15.7,0,0,4,0,0,13,3
40.56,39.27,749,0,0,48,0.0,15.7,15.7,0,0,4,0,0,14,4
40.59,38.99,749,0,0,51,0.0,15.7,15.7,0,0,4,0,0,15,4
40.62,38.71,749,0,0,54,0.0,15.7,15.7,0,0,4,0,0,16,4
40.65,38.41,749,0,0,56,0.0,15.7,15.7,0,0,4,0,0,17,4
40.68,38.09,749,0,0,59,0.0,15.7,15.7,0,0,4,0,0,17,4
40.71,37.77,749,0,0,62,0.0,15.7,15.7,0,0,4,0,0,18,4
40.74,37.43,749,0,0,64,0.0,15.7,15.7,0,0,4,0,0,19,4
40.77,37.07,749,0,0,67,0.0,15.7,15.7,0,0,4,0,0,20,4
40.8,36.71,749,0,0,70,0.0,15.7,15.7,0,0,4,0,0,21,4
40.83,36.33,749,0,0,72,0.0,15.7,15.7,0,0,4,0,0,21,5
40.86,35.94,749,0,0,75,0.0,15.7,15.7,0,0,4,0,0,22,5
40.89,35.53,749,0,0,78,0.0,15.7,15.7,0,0,4,0,0,23,5
40.92,35.11,749,0,0,81,0.0,15.7,15.7,0,0,4,0,0,24,5
40.95,34.68,749,0,0,83,0.0,15.7,15.7,0,0,4,0,0,25,5
40.98,34.23,749,0,0,86,0.0,15.7,15.7,0,0,4,0,0,25,5
41.01,33.77,749,0,0,89,0.0,15.7,15.7,0,0,4,0,0,26,5
41.04,33.3,749,0,0,91,0.0,15.7,15.7,0,0,4,0,0,27,5
41.07,32.82,749,0,0,94,0.0,15.7,15.7,0,0,4,0,0,28,6
41.1,32.32,749,0,0,97,0.0,15.7,15.7,0,0,4,0,0,29,6
41.13,31.81,749,0,0,99,0.0,15.7,15.7,0,0,4,0,0,29,6
41.16,31.29,749,0,0,100,0.0,15.7,15.7,0,0,4,0,0,30,6
41.19,30.78,749,0,0,100,0.0,15.7,15.7,0,0,4,0,0,30,6
41.22,30.27,749,0,0,100,0.0,15.7,15.7,0,0,4,0,0,30,6
41.25,29.76,749,0,0,100,0.0,15.7,15.7,0,0,4,0,0,30,6
41.28,29.25,749,0,0,100,0.0,15.7,15.7,0,0,4,0,0,30,6
41.31,28.73,749,0,0,100,0.0,15.7,15.7,0,0,4,0,0,30,6
41.34,28.22,749,0,0,100,0.0,15.7,15.7,0,0,4,0,0,30,6
41.37,27.71,749,0,0,100,0.0,15.7,15.7,0,0,4,0,0,30,6
41.4,27.2,749,0,0,100,0.0,15.7,15.7,0,0,4,0,0,30,6
41.43,26.69,749,0,0,100,0.0,15.7,15.7,0,0,4,0,0,30,6
41.46,26.18,749,0,0,100,0.0,15.7,15.7,0,0,4,0,0,30,6
41.49,25.66,749,0,0,100,0.0,15.7,15.7,0,0,4,0,0,30,6
41.52,25.15,749,0,0,100,0.0,15.7,15.7,0,0,4,0,0,30,6
41.55,24.64,749,0,0,100,0.0,15.7,15.7,0,0,4,0,0,30,6
41.58,24.13,749,0,0,100,0.0,15.7,15.7,0,0,4,0,0,30,6
41.61,23.62,749,0,0,100,0.0,15.7,15.7,0,0,4,0,0,30,6
41.64,23.11,749,0,0,100,0.0,15.7,15.7,0,0,4,0,0,30,6
41.67,22.6,749,0,0,100,0.0,15.7,15.7,0,0,4,0,0,30,6
41.7,22.09,749,0,0,100,0.0,15.7,15.7,0,0,4,0,0,30,6
41.73,21.57,749,0,0,100,0.0,15.7,15.7,0,0,4,0,0,30,6
41.76,21.06,749,0,0,100,0.0,15.7,15.7,0,0,4,0,0,30,6
41.79,20.55,749,0,0,100,0.0,15.7,15.7,0,0,4,0,0,30,6
41.82,20.04,749,0,0,100,0.0,15.7,15.7,0,0,4,0,0,30,6
41.85,19.53,749,0,0,100,0.0,15.7,15.7,0,0,4,0,0,30,6
41.88,19.02,749,0,0,100,0.0,15.7,15.7,0,0,4,0,0,30,6
41.91,18.51,749,0,0,100,0.0,15.7,15.7,0,0,4,0,0,30,6
41.94,18.0,749,0,0,100,0.0,15.7,15.7,0,0,4,0,0,30,6
41.97,17.49,749,0,0,100,0.0,15.7,15.7,0,0,4,0,0,30,6
42.0,16.98,749,0,0,100,0.0,15.7,15.7,0,0,4,0,0,30,6
42.03,16.47,749,0,0,100,0.0,15.7,15.7,0,0,4,0,0,30,6
42.06,15.96,749,0,0,100,0.0,15.7,15.7,0,0,4,0,0,30,6
42.09,15.45,749,0,0,100,0.0,15.7,15.7,0,0,4,0,0,30,6
42.12,14.94,749,0,0,100,0.0,15.7,15.7,0,0,4,0,0,30,6
42.15,14.43,749,0,0,100,0.0,15.7,15.7,0,0,4,0,0,30,6
42.18,13.92,749,0,0,100,0.0,15.7,15.7,0,0,4,0,0,30,6
42.21,13.41,749,0,0,100,0.0,15.7,15.7,0,0,4,0,0,30,6
42.24,12.9,749,0,0,100,0.0,15.7,15.7,0,0,4,0,0,30,6
42.27,12.39,749,0,0,100,0.0,15.7,15.7,0,0,4,0,0,30,6
42.3,11.88,749,0,0,100,0.0,15.7,15.7,0,0,4,0,0,30,6
42.33,11.37,749,0,0,100,0.0,15.7,15.7,0,0,4,0,0,30,6
42.36,10.86,749,0,0,100,0.0,15.7,15.7,0,0,4,0,0,30,6
42.39,10.35,749,0,0,100,0.0,15.7,15.7,0,0,4,0,0,30,6
42.42,9.84,749,0,0,100,0.0,15.7,15.7,0,0,4,0,0,30,6
42.45,9.33,749,0,0,100,0.0,15.7,15.7,0,0,4,0,0,30,6
42.48,8.82,749,0,0,100,0.0,15.7,15.7,0,0,4,0,0,30,6
42.51,8.31,749,0,0,100,0.0,15.7,15.7,0,0,4,0,0,30,6
42.54,7.8,749,0,0,100,0.0,15.7,15.7,0,0,4,0,0,30,6
42.57,7.29,749,0,0,100,0.0,15.7,15.7,0,0,4,0,0,30,6
42.6,6.78,749,0,0,100,0.0,15.7,15.7,0,0,4,0,0,30,6
42.63,6.27,749,0,0,100,0.0,15.7,15.7,0,0,4,0,0,30,6
42.66,5.76,749,0,0,100,0.0,15.7,15.7,0,0,4,0,0,30,6
42.69,5.25,749,0,0,100,0.0,15.7,15.7,0,0,4,0,0,30,6
42.72,4.74,749,0,0,100,0.0,15.7,15.7,0,0,4,0,0,30,6
42.75,4.23,749,0,0,100,0.0,15.7,15.7,0,0,4,0,0,30,6
42.78,3.72,749,0,0,100,0.0,15.7,15.7,0,0,4,0,0,30,6
42.81,3.21,749,0,0,100,0.0,15.7,15.7,0,0,4,0,0,30,6
42.84,2.7,749,0,0,100,0.0,15.7,15.7,0,0,4,0,0,30,6
42.87,2.19,749,0,0,100,0.0,15.7,15.7,0,0,4,0,0,30,6
42.9,1.68,749,0,0,100,0.0,15.7,15.7,0,0,4,0,0,30,6
42.93,1.17,749,0,0,100,0.0,15.7,15.7,0,0,4,0,0,30,6
42.96,0.66,749,0,0,100,0.0,15.7,15.7,0,0,4,0,0,30,6
42.99,0.15,749,0,0,100,0.0,15.7,15.7,0,0,4,0,0,30,6
43.02,0.0,749,0,0,100,0.0,15.7,15.7,0,0,4,0,0,30,6
43.05,0.0,749,0,0,100,0.0,15.7,15.7,0,0,4,0,0,30,6
43.08,0.0,749,0,0,100,0.0,15.7,15.7,0,0,4,0,0,30,6
43.11,0.0,749,0,0,100,0.0,15.7,15.7,0,0,4,0,0,30,6
43.14,0.0,749,0,0,100,0.0,15.7,15.7,0,0,4,0,0,30,6
43.17,0.0,749,0,0,100,0.0,15.7,15.7,0,0,4,0,0,30,6
43.2,0.0,749,0,0,100,0.0,15.7,15.7,0,0,4,0,0,30,6
43.23,0.0,749,0,0,100,0.0,15.7,15.7,0,0,4,0,0,30,6
43.26,0.0,749,0,0,100,0.0,15.7,15.7,0,0,4,0,0,30,6
43.29,0.0,749,0,0,100,0.0,15.7,15.7,0,0,4,0,0,30,6
43.32,0.0,749,0,0,97,0.0,15.7,15.7,0,0,4,0,0,29,6
43.35,0.0,749,0,0,95,0.0,15.7,15.7,0,0,4,0,0,28,6
43.38,0.0,749,0,0,93,0.0,15.7,15.7,0,0,4,0,0,28,6
43.41,0.0,749,0,0,91,0.0,15.7,15.7,0,0,4,0,0,27,5
43.44,0.0,749,0,0,89,0.0,15.7,15.7,0,0,4,0,0,26,5
43.47,0.0,749,0,0,87,0.0,15.7,15.7,0,0,4,0,0,26,5
43.5,0.0,749,0,0,85,0.0,15.7,15.7,0,0,4,0,0,25,5
43.53,0.0,749,0,0,83,0.0,15.7,15.7,0,0,4,0,0,24,5
43.56,0.0,749,0,0,81,0.0,15.7,15.7,0,0,4,0,0,24,5
43.59,0.0,749,0,0,79,0.0,15.7,15.7,0,0,4,0,0,23,5
43.62,0.0,749,0,0,76,0.0,15.7,15.7,0,0,4,0,0,23,5
43.65,0.0,749,0,0,74,0.0,15.7,15.7,0,0,4,0,0,22,5
43.68,0.0,749,0,0,72,0.0,15.7,15.7,0,0,4,0,0,21,5
43.71,0.0,749,0,0,70,0.0,15.7,15.7,0,0,4,0,0,21,4
43.74,0.0,749,0,0,68,0.0,15.7,15.7,0,0,4,0,0,20,4
43.77,0.0,749,0,0,66,0.0,15.7,15.7,0,0,4,0,0,19,4
43.8,0.0,749,0,0,64,0.0,15.7,15.7,0,0,4,0,0,19,4
43.83,0.0,749,0,0,62,0.0,15.7,15.7,0,0,4,0,0,18,4
43.86,0.0,749,0,0,60,0.0,15.7,15.7,0,0,4,0,0,18,4
43.89,0.0,749,0,0,58,0.0,15.7,15.7,0,0,4,0,0,17,4
43.92,0.0,749,0,0,55,0.0,15.7,15.7,0,0,4,0,0,16,4
43.95,0.0,749,0,0,53,0.0,15.7,15.7,0,0,4,0,0,16,4
43.98,0.0,749,0,0,51,0.0,15.7,15.7,0,0,4,0,0,15,4
44.01,0.0,749,0,0,49,0.0,15.7,15.7,0,0,4,0,0,14,4
44.04,0.0,749,0,0,47,0.0,15.7,15.7,0,0,4,0,0,14,3
44.07,0.0,749,0,0,45,0.0,15.7,15.7,0,0,4,0,0,13,3
44.1,0.0,749,0,0,43,0.0,15.7,15.7,0,0,4,0,0,12,3
44.13,0.0,749,0,0,41,0.0,15.7,15.7,0,0,4,0,0,12,3
44.16,0.0,749,0,0,39,0.0,15.7,15.7,0,0,4,0,0,11,3
44.19,0.0,749,0,0,37,0.0,15.7,15.7,0,0,4,0,0,11,3
44.22,0.0,749,0,0,34,0.0,15.7,15.7,0,0,4,0,0,10,3
44.25,0.0,749,0,0,32,0.0,15.7,15.7,0,0,4,0,0,9,3
44.28,0.0,749,0,0,30,0.0,15.7,15.7,0,0,4,0,0,9,3
44.31,0.0,749,0,0,28,0.0,15.7,15.7,0,0,4,0,0,8,3
44.34,0.0,749,0,0,26,0.0,15.7,15.7,0,0,4,0,0,7,3
44.37,0.0,749,0,0,24,0.0,15.7,15.7,0,0,4,0,0,7,2
44.4,0.0,749,0,0,22,0.0,15.7,15.7,0,0,4,0,0,6,2
44.43,0.0,749,0,0,20,0.0,15.7,15.7,0,0,4,0,0,6,2
44.46,0.0,749,0,0,18,0.0,15.7,15.7,0,0,4,0,0,5,2
44.49,0.0,749,0,0,16,0.0,15.7,15.7,0,0,4,0,0,4,2
44.52,0.0,749,0,0,13,0.0,15.7,15.7,0,0,4,0,0,4,2
44.55,0.0,749,0,0,11,0.0,15.7,15.7,0,0,4,0,0,3,2
44.58,0.0,749,0,0,9,0.0,15.7,15.7,0,0,4,0,0,2,2
44.61,0.0,749,0,0,7,0.0,15.7,15.7,0,0,4,0,0,2,2
